{"stats":{"minecraft:killed_by":{"minecraft:player":1,"minecraft:vex":1},"minecraft:custom":{"minecraft:mob_kills":136,"minecraft:interact_with_crafting_table":41,"minecraft:damage_dealt_resisted":59,"minecraft:leave_game":11,"minecraft:time_since_death":26282,"minecraft:damage_resisted":5,"minecraft:sprint_one_cm":225265,"minecraft:walk_one_cm":425525,"minecraft:damage_blocked_by_shield":570,"minecraft:drop":48,"minecraft:play_time":151707,"minecraft:deaths":2,"minecraft:sneak_time":684,"minecraft:walk_under_water_one_cm":26522,"minecraft:jump":2282,"minecraft:walk_on_water_one_cm":40504,"minecraft:total_world_time":151707,"minecraft:interact_with_furnace":31,"tombstone:raider_killed":1,"minecraft:sleep_in_bed":5,"minecraft:time_since_rest":13637,"minecraft:waystone_activated":1,"minecraft:damage_taken":3463,"minecraft:damage_dealt":36005,"minecraft:swim_one_cm":72071,"minecraft:player_kills":1,"minecraft:fly_one_cm":347020,"minecraft:open_chest":17,"minecraft:crouch_one_cm":1210,"tombstone:undead_killed":28,"minecraft:interact_with_smoker":5,"minecraft:fall_one_cm":42808,"minecraft:horse_one_cm":428214},"minecraft:broken":{"minecraft:iron_boots":1,"minecraft:iron_leggings":1,"vanillaplustools:stone_hammer":1,"minecraft:iron_axe":1,"minecraft:wooden_axe":2},"minecraft:mined":{"minecraft:tuff":59,"minecraft:white_bed":3,"minecraft:dark_oak_leaves":1,"minecraft:deepslate_diamond_ore":4,"minecraft:dark_oak_log":13,"minecraft:granite":5,"minecraft:grass_block":30,"duneons:highlandstone":9,"duneons:highlandtallgrass":12,"duneons:highlandgrass":11,"minecraft:spawner":1,"minecraft:furnace":4,"minecraft:carrots":2,"minecraft:iron_ore":12,"minecraft:andesite":2,"minecraft:deepslate_iron_ore":48,"minecraft:stone":453,"minecraft:glass_pane":2,"minecraft:smoker":1,"minecraft:stripped_dark_oak_log":1,"minecraft:crafting_table":8,"minecraft:torch":1,"minecraft:chest":1,"minecraft:copper_ore":8,"minecraft:cobblestone":11,"minecraft:deepslate_gold_ore":6,"minecraft:diorite":67,"minecraft:cobblestone_wall":1,"duneons:leaveswindswept":1,"minecraft:birch_log":1,"duneons:highlandfern":12,"minecraft:grass":10,"minecraft:oak_log":9,"duneons:sanctumlamp":1,"minecraft:dirt":42,"minecraft:oak_leaves":7,"minecraft:deepslate":634},"minecraft:killed":{"minecraft:evoker":1,"minecraft:vex":3,"minecraft:spider":2,"duneons:wraith":12,"minecraft:skeleton":11,"minecraft:horse":3,"duneons:squallgolem":10,"minecraft:husk":6,"minecraft:salmon":14,"minecraft:creeper":1,"duneons:mountaineer":48,"minecraft:sheep":3,"duneons:tempestgolem":1,"minecraft:zombie":11,"minecraft:donkey":2,"minecraft:cow":2},"minecraft:dropped":{"minecraft:iron_ingot":1,"minecraft:bread":8,"minecraft:oak_log":2,"minecraft:crafting_table":1,"minecraft:cobblestone":21,"minecraft:iron_helmet":1,"minecraft:oak_fence":3,"duneons:claymoreblade":1,"minecraft:apple":1,"minecraft:emerald":1,"minecraft:dirt":13,"vanillaplustools:wooden_hammer":1,"minecraft:mutton":1,"minecraft:iron_axe":1,"duneons:leaveswindswept":1,"duneons:rapierred":1,"minecraft:cobbled_deepslate":192,"duneons:highlandstone":2,"minecraft:stripped_dark_oak_log":2,"minecraft:rotten_flesh":2,"duneons:highlandfern":1,"minecraft:oak_planks":4,"minecraft:iron_boots":1,"minecraft:pumpkin_seeds":9,"minecraft:diamond_sword":1,"minecraft:gunpowder":3,"minecraft:diamond_pickaxe":1,"duneons:tempestknifeblue":2},"minecraft:used":{"minecraft:oak_fence":1,"duneons:highlandstone":7,"minecraft:chest":2,"minecraft:shield":27,"vanillaplustools:stone_hammer":131,"minecraft:cooked_salmon":13,"minecraft:iron_chestplate":1,"minecraft:torch":7,"minecraft:dirt":28,"minecraft:carrot":17,"minecraft:granite":24,"duneons:goatgear_chestplate":1,"minecraft:wooden_axe":23,"minecraft:iron_axe":158,"minecraft:birch_sapling":1,"vanillaplustools:wooden_shovel":18,"minecraft:oak_sapling":2,"minecraft:furnace":4,"minecraft:egg":1,"minecraft:cooked_beef":5,"minecraft:cobbled_deepslate":1,"minecraft:cooked_mutton":2,"minecraft:diorite":11,"minecraft:birch_planks":5,"minecraft:oak_planks":16,"minecraft:white_wool":2,"minecraft:salmon":1,"minecraft:glow_berries":9,"duneons:claymoreblade":22,"minecraft:crafting_table":11,"minecraft:white_bed":4,"minecraft:smoker":1,"duneons:sanctumlamp":1,"minecraft:diamond_pickaxe":11,"minecraft:apple":1,"vanillaplustools:wooden_hammer":11,"minecraft:bread":24,"minecraft:iron_pickaxe":96,"minecraft:diamond_sword":291,"minecraft:cobblestone":29,"duneons:rapierred":111,"duneons:highlandfern":1,"minecraft:bone_meal":1},"minecraft:picked_up":{"minecraft:wooden_axe":1,"minecraft:crafting_table":8,"minecraft:diamond_sword":1,"duneons:gildedglory_chestplate":1,"duneons:sanctumlamp":1,"duneons:sabrewing_bow":1,"minecraft:string":2,"minecraft:raw_copper":37,"minecraft:iron_axe":1,"minecraft:cooked_salmon":12,"duneons:goatgear_helmet":1,"duneons:rapierred":2,"minecraft:cobbled_deepslate":615,"minecraft:chest":1,"minecraft:birch_sapling":1,"minecraft:furnace":4,"minecraft:egg":1,"minecraft:iron_boots":1,"minecraft:stick":5,"minecraft:raw_iron":84,"minecraft:oak_fence":4,"minecraft:torch":2,"sophisticatedbackpacks:backpack":1,"tombstone:grave_dust":4,"minecraft:diorite":55,"minecraft:carrot":3,"minecraft:arrow":11,"minecraft:rotten_flesh":2,"minecraft:mutton":3,"duneons:goatgear_chestplate":1,"minecraft:white_wool":2,"minecraft:cobblestone":477,"minecraft:birch_log":14,"minecraft:cooked_beef":5,"minecraft:andesite":8,"minecraft:salmon":15,"minecraft:leather":6,"minecraft:smoker":1,"paraglider:spirit_orb":2,"minecraft:tuff":59,"minecraft:oak_log":99,"minecraft:gunpowder":1,"minecraft:dirt":43,"minecraft:bone":11,"minecraft:apple":3,"minecraft:bow":1,"minecraft:raw_gold":6,"duneons:claymoreblade":1,"minecraft:iron_ingot":10,"duneons:tempestknifeblue":2,"duneons:mountaineeraxeiron":4,"minecraft:oak_planks":41,"duneons:highlandfern":3,"minecraft:white_bed":3,"duneons:leaveswindswept":1,"minecraft:dark_oak_log":58,"minecraft:pumpkin_seeds":9,"minecraft:diamond":5,"minecraft:iron_helmet":1,"minecraft:granite":29,"minecraft:bone_meal":1,"duneons:highlandstone":9,"minecraft:gray_wool":1,"minecraft:emerald":2,"minecraft:bread":29,"minecraft:oak_sapling":12,"minecraft:stripped_dark_oak_log":2,"minecraft:coal":3,"minecraft:diamond_pickaxe":1},"minecraft:crafted":{"vanillaplustools:wooden_hammer":1,"minecraft:oak_planks":120,"vanillaplustools:stone_hammer":1,"minecraft:furnace":2,"minecraft:cooked_mutton":2,"minecraft:iron_boots":1,"sophisticatedbackpacks:copper_backpack":1,"minecraft:iron_axe":2,"minecraft:stone_pickaxe":9,"minecraft:chest":2,"vanillaplustools:wooden_shovel":1,"sophisticatedbackpacks:iron_backpack":1,"minecraft:smoker":1,"minecraft:wooden_shovel":9,"minecraft:diamond_sword":1,"minecraft:crafting_table":4,"minecraft:wooden_pickaxe":9,"minecraft:iron_helmet":1,"minecraft:cooked_salmon":1,"minecraft:copper_ingot":8,"minecraft:birch_planks":40,"minecraft:bread":1,"minecraft:air":0,"minecraft:white_wool":3,"minecraft:iron_chestplate":1,"minecraft:diamond_pickaxe":1,"minecraft:charcoal":37,"minecraft:shield":1,"minecraft:stick":68,"minecraft:iron_ingot":37,"minecraft:iron_pickaxe":1,"minecraft:wooden_axe":2,"minecraft:iron_leggings":1,"minecraft:white_bed":1,"minecraft:torch":24}},"DataVersion":3465}