{"stats":{"minecraft:killed_by":{"minecraft:player":1,"minecraft:vex":1},"minecraft:custom":{"minecraft:mob_kills":143,"minecraft:interact_with_crafting_table":42,"minecraft:damage_dealt_resisted":59,"minecraft:leave_game":11,"minecraft:time_since_death":38282,"minecraft:damage_resisted":5,"minecraft:sprint_one_cm":234949,"minecraft:walk_one_cm":449021,"minecraft:damage_blocked_by_shield":570,"minecraft:drop":49,"minecraft:play_time":163707,"minecraft:deaths":2,"minecraft:sneak_time":692,"minecraft:walk_under_water_one_cm":26522,"minecraft:jump":2435,"minecraft:walk_on_water_one_cm":40504,"minecraft:total_world_time":163707,"minecraft:interact_with_furnace":37,"tombstone:raider_killed":1,"minecraft:sleep_in_bed":6,"minecraft:time_since_rest":11608,"minecraft:waystone_activated":1,"minecraft:damage_taken":3510,"minecraft:damage_dealt":36724,"minecraft:swim_one_cm":72071,"minecraft:player_kills":1,"minecraft:fly_one_cm":377945,"minecraft:open_chest":17,"minecraft:crouch_one_cm":1210,"tombstone:undead_killed":34,"minecraft:interact_with_smoker":5,"minecraft:fall_one_cm":45014,"minecraft:horse_one_cm":497503},"minecraft:broken":{"minecraft:iron_boots":1,"minecraft:iron_leggings":1,"vanillaplustools:stone_hammer":1,"minecraft:iron_axe":1,"minecraft:wooden_axe":2},"minecraft:mined":{"minecraft:tuff":59,"minecraft:white_bed":4,"minecraft:dark_oak_leaves":1,"minecraft:deepslate_diamond_ore":4,"minecraft:dark_oak_log":13,"minecraft:granite":5,"minecraft:grass_block":30,"duneons:highlandstone":21,"duneons:highlandtallgrass":16,"duneons:highlandgrass":14,"minecraft:spawner":1,"minecraft:furnace":5,"minecraft:carrots":2,"minecraft:iron_ore":12,"minecraft:andesite":2,"minecraft:deepslate_iron_ore":48,"minecraft:stone":711,"minecraft:glass_pane":2,"minecraft:smoker":1,"minecraft:stripped_dark_oak_log":1,"minecraft:crafting_table":8,"minecraft:torch":1,"minecraft:chest":2,"minecraft:copper_ore":12,"minecraft:cobblestone":11,"minecraft:deepslate_gold_ore":6,"minecraft:diorite":67,"minecraft:wall_torch":1,"minecraft:cobblestone_wall":1,"duneons:leaveswindswept":1,"minecraft:birch_log":1,"duneons:highlandfern":14,"minecraft:grass":10,"minecraft:coal_ore":44,"minecraft:oak_log":9,"duneons:sanctumlamp":1,"minecraft:dirt":42,"minecraft:oak_leaves":7,"minecraft:deepslate":634},"minecraft:killed":{"minecraft:evoker":1,"minecraft:vex":3,"minecraft:spider":2,"duneons:wraith":13,"minecraft:skeleton":12,"minecraft:horse":3,"duneons:squallgolem":10,"minecraft:husk":6,"minecraft:salmon":14,"minecraft:creeper":1,"duneons:mountaineer":48,"minecraft:sheep":3,"duneons:tempestgolem":1,"minecraft:zombie":16,"minecraft:donkey":2,"minecraft:cow":2},"minecraft:dropped":{"minecraft:iron_ingot":1,"minecraft:bread":8,"minecraft:oak_log":2,"minecraft:crafting_table":1,"minecraft:cobblestone":21,"minecraft:iron_helmet":1,"minecraft:oak_fence":3,"duneons:claymoreblade":1,"minecraft:apple":1,"minecraft:emerald":1,"minecraft:dirt":13,"vanillaplustools:wooden_hammer":1,"minecraft:mutton":1,"minecraft:iron_axe":1,"duneons:leaveswindswept":1,"duneons:rapierred":1,"minecraft:cobbled_deepslate":192,"duneons:highlandstone":2,"minecraft:stripped_dark_oak_log":2,"minecraft:rotten_flesh":2,"duneons:highlandfern":1,"minecraft:oak_planks":4,"minecraft:iron_boots":1,"minecraft:pumpkin_seeds":9,"minecraft:diamond_sword":1,"minecraft:gunpowder":3,"minecraft:diamond_pickaxe":1,"vanillaplustools:wooden_shovel":1,"duneons:tempestknifeblue":2},"minecraft:used":{"minecraft:oak_fence":1,"duneons:highlandstone":7,"minecraft:chest":2,"minecraft:shield":27,"vanillaplustools:stone_hammer":170,"minecraft:cooked_salmon":13,"minecraft:iron_chestplate":1,"minecraft:torch":8,"minecraft:dirt":30,"minecraft:carrot":17,"minecraft:granite":24,"duneons:goatgear_chestplate":1,"minecraft:wooden_axe":23,"minecraft:iron_axe":159,"minecraft:birch_sapling":1,"vanillaplustools:wooden_shovel":20,"minecraft:oak_sapling":2,"minecraft:furnace":5,"minecraft:egg":1,"minecraft:cooked_beef":5,"minecraft:cobbled_deepslate":1,"minecraft:cooked_mutton":2,"minecraft:diorite":11,"minecraft:birch_planks":5,"minecraft:oak_planks":16,"minecraft:white_wool":2,"minecraft:salmon":1,"minecraft:glow_berries":9,"duneons:claymoreblade":22,"minecraft:crafting_table":12,"minecraft:white_bed":4,"minecraft:smoker":1,"duneons:sanctumlamp":1,"minecraft:diamond_pickaxe":13,"minecraft:apple":1,"vanillaplustools:wooden_hammer":11,"minecraft:bread":24,"minecraft:iron_pickaxe":108,"minecraft:diamond_sword":291,"minecraft:cobblestone":61,"duneons:rapierred":130,"duneons:highlandfern":2,"minecraft:bone_meal":1},"minecraft:picked_up":{"minecraft:wooden_axe":1,"minecraft:iron_chestplate":1,"minecraft:charcoal":19,"minecraft:crafting_table":8,"minecraft:diamond_sword":1,"duneons:gildedglory_chestplate":1,"duneons:sanctumlamp":1,"duneons:sabrewing_bow":1,"minecraft:string":2,"minecraft:raw_copper":48,"minecraft:iron_axe":1,"minecraft:cooked_salmon":12,"duneons:goatgear_helmet":1,"duneons:rapierred":2,"minecraft:cobbled_deepslate":615,"minecraft:chest":2,"minecraft:birch_sapling":1,"minecraft:furnace":5,"minecraft:egg":1,"minecraft:iron_boots":1,"minecraft:stick":5,"minecraft:raw_iron":84,"minecraft:oak_fence":4,"minecraft:torch":3,"sophisticatedbackpacks:backpack":1,"tombstone:grave_dust":4,"minecraft:diorite":55,"minecraft:carrot":3,"vanillaplustools:wooden_shovel":1,"minecraft:arrow":12,"minecraft:rotten_flesh":5,"minecraft:mutton":3,"duneons:goatgear_chestplate":1,"minecraft:white_wool":2,"minecraft:cobblestone":713,"minecraft:birch_log":14,"minecraft:cooked_beef":5,"minecraft:andesite":8,"minecraft:salmon":15,"minecraft:leather":6,"minecraft:smoker":1,"paraglider:spirit_orb":2,"minecraft:tuff":59,"minecraft:oak_log":111,"minecraft:gunpowder":1,"minecraft:dirt":46,"minecraft:bone":11,"minecraft:apple":3,"minecraft:bow":1,"minecraft:raw_gold":6,"duneons:claymoreblade":1,"minecraft:iron_ingot":10,"duneons:tempestknifeblue":2,"duneons:mountaineeraxeiron":4,"minecraft:oak_planks":41,"duneons:highlandfern":4,"minecraft:white_bed":4,"duneons:leaveswindswept":1,"minecraft:dark_oak_log":58,"minecraft:pumpkin_seeds":9,"minecraft:diamond":5,"minecraft:iron_helmet":2,"minecraft:granite":29,"duneons:ravagergatewood_3":1,"minecraft:bone_meal":1,"duneons:highlandstone":21,"minecraft:gray_wool":1,"minecraft:emerald":2,"minecraft:bread":29,"duneons:ravagergateiron":1,"minecraft:oak_sapling":12,"minecraft:stripped_dark_oak_log":2,"minecraft:coal":47,"minecraft:diamond_pickaxe":1},"minecraft:crafted":{"vanillaplustools:wooden_hammer":1,"minecraft:oak_planks":156,"vanillaplustools:stone_hammer":2,"minecraft:furnace":2,"minecraft:cooked_mutton":2,"minecraft:iron_boots":1,"sophisticatedbackpacks:copper_backpack":1,"minecraft:iron_axe":2,"minecraft:stone_pickaxe":18,"minecraft:chest":2,"vanillaplustools:wooden_shovel":1,"sophisticatedbackpacks:iron_backpack":1,"minecraft:smoker":1,"minecraft:wooden_shovel":9,"minecraft:diamond_sword":1,"minecraft:crafting_table":5,"minecraft:wooden_pickaxe":9,"minecraft:iron_helmet":1,"minecraft:cooked_salmon":1,"minecraft:copper_ingot":8,"minecraft:birch_planks":40,"minecraft:bread":1,"minecraft:air":0,"minecraft:white_wool":3,"minecraft:iron_chestplate":1,"minecraft:diamond_pickaxe":1,"minecraft:charcoal":53,"minecraft:shield":1,"minecraft:stick":88,"minecraft:iron_ingot":51,"minecraft:iron_pickaxe":1,"minecraft:wooden_axe":2,"minecraft:iron_leggings":1,"minecraft:white_bed":1,"minecraft:torch":24}},"DataVersion":3465}