{"stats":{"minecraft:custom":{"minecraft:mob_kills":242,"minecraft:interact_with_crafting_table":42,"minecraft:damage_dealt_resisted":59,"minecraft:leave_game":11,"minecraft:time_since_death":17138,"minecraft:damage_resisted":5,"minecraft:sprint_one_cm":242707,"minecraft:walk_one_cm":485512,"minecraft:damage_blocked_by_shield":980,"minecraft:drop":60,"minecraft:play_time":187707,"minecraft:deaths":4,"minecraft:sneak_time":1492,"minecraft:walk_under_water_one_cm":71718,"minecraft:jump":2623,"minecraft:walk_on_water_one_cm":63027,"minecraft:total_world_time":187707,"minecraft:interact_with_furnace":38,"tombstone:raider_killed":1,"minecraft:sleep_in_bed":8,"minecraft:time_since_rest":7799,"minecraft:waystone_activated":1,"minecraft:damage_taken":4151,"minecraft:damage_dealt":42290,"minecraft:swim_one_cm":163229,"minecraft:player_kills":1,"minecraft:fly_one_cm":395666,"minecraft:open_chest":17,"minecraft:crouch_one_cm":3998,"tombstone:undead_killed":46,"minecraft:interact_with_smoker":10,"minecraft:fall_one_cm":46688,"minecraft:horse_one_cm":688226},"minecraft:killed_by":{"minecraft:husk":1,"minecraft:player":1,"minecraft:creeper":1,"minecraft:vex":1},"minecraft:broken":{"minecraft:iron_boots":1,"minecraft:iron_leggings":1,"vanillaplustools:stone_hammer":1,"minecraft:iron_axe":1,"duneons:goatgear_helmet":1,"minecraft:wooden_axe":2,"duneons:mountaineeraxeiron":2},"minecraft:mined":{"minecraft:tuff":59,"minecraft:white_bed":6,"minecraft:dark_oak_leaves":1,"minecraft:deepslate_diamond_ore":4,"duneons:ashblock":1,"minecraft:dark_oak_log":13,"duneons:charredstone":8,"minecraft:granite":5,"minecraft:grass_block":30,"duneons:highlandstone":21,"duneons:highlandtallgrass":24,"duneons:highlandgrass":14,"minecraft:spawner":1,"minecraft:furnace":6,"minecraft:carrots":2,"minecraft:iron_ore":12,"minecraft:andesite":2,"minecraft:deepslate_iron_ore":48,"minecraft:stone":869,"minecraft:glass_pane":2,"minecraft:smoker":1,"minecraft:stripped_dark_oak_log":1,"minecraft:crafting_table":8,"minecraft:torch":1,"minecraft:chest":2,"minecraft:copper_ore":12,"minecraft:cobblestone":11,"minecraft:deepslate_gold_ore":6,"minecraft:diorite":67,"minecraft:wall_torch":1,"minecraft:seagrass":1,"minecraft:cobblestone_wall":1,"duneons:leaveswindswept":1,"minecraft:birch_log":1,"duneons:highlandfern":16,"minecraft:grass":10,"minecraft:coal_ore":44,"minecraft:oak_log":9,"duneons:sanctumlamp":1,"minecraft:dirt":42,"duneons:dungeonscharreddirt":5,"minecraft:oak_leaves":11,"minecraft:deepslate":634},"minecraft:killed":{"minecraft:evoker":1,"minecraft:vex":3,"minecraft:spider":6,"duneons:wraith":19,"minecraft:skeleton":17,"minecraft:horse":3,"duneons:squallgolem":10,"minecraft:husk":10,"minecraft:salmon":88,"minecraft:creeper":1,"duneons:mountaineer":48,"minecraft:sheep":5,"duneons:tempestgolem":1,"minecraft:zombie":19,"minecraft:donkey":2,"minecraft:cow":2},"minecraft:dropped":{"minecraft:iron_ingot":1,"minecraft:bread":8,"minecraft:oak_log":2,"minecraft:crafting_table":1,"minecraft:cobblestone":277,"minecraft:iron_helmet":1,"minecraft:oak_fence":3,"duneons:claymoreblade":1,"minecraft:apple":1,"duneons:dungeonscharreddirt":5,"minecraft:emerald":1,"minecraft:dirt":14,"vanillaplustools:wooden_hammer":1,"minecraft:mutton":1,"duneons:dungeonscharredcobblestone":4,"minecraft:iron_axe":1,"duneons:leaveswindswept":1,"duneons:rapierred":1,"minecraft:cobbled_deepslate":192,"duneons:highlandstone":14,"minecraft:stripped_dark_oak_log":2,"minecraft:rotten_flesh":2,"duneons:highlandfern":1,"minecraft:oak_planks":4,"minecraft:iron_boots":1,"minecraft:pumpkin_seeds":9,"minecraft:diamond_sword":1,"minecraft:gunpowder":3,"minecraft:diamond_pickaxe":1,"vanillaplustools:wooden_shovel":1,"duneons:tempestknifeblue":2},"minecraft:used":{"minecraft:oak_fence":1,"duneons:highlandstone":7,"minecraft:chest":2,"minecraft:shield":41,"vanillaplustools:stone_hammer":196,"duneons:ashblock":1,"minecraft:cooked_salmon":16,"minecraft:iron_chestplate":1,"minecraft:torch":8,"minecraft:dirt":30,"minecraft:carrot":17,"minecraft:granite":24,"duneons:mountaineeraxeiron":94,"duneons:goatgear_chestplate":1,"minecraft:wooden_axe":23,"duneons:gildedglory_chestplate":1,"duneons:dungeonscharredcobblestone":4,"minecraft:iron_axe":160,"minecraft:birch_sapling":1,"vanillaplustools:wooden_shovel":20,"minecraft:oak_sapling":2,"minecraft:furnace":5,"minecraft:egg":1,"minecraft:cooked_beef":5,"minecraft:cobbled_deepslate":1,"minecraft:cooked_mutton":2,"minecraft:diorite":11,"minecraft:birch_planks":5,"minecraft:oak_planks":16,"minecraft:white_wool":2,"minecraft:salmon":1,"minecraft:glow_berries":9,"duneons:claymoreblade":22,"minecraft:crafting_table":12,"minecraft:white_bed":7,"minecraft:smoker":2,"duneons:sanctumlamp":1,"minecraft:diamond_pickaxe":20,"minecraft:apple":1,"vanillaplustools:wooden_hammer":11,"minecraft:bread":24,"minecraft:iron_pickaxe":114,"minecraft:diamond_sword":291,"minecraft:cobblestone":95,"duneons:rapierred":190,"duneons:highlandfern":16,"minecraft:bone_meal":1},"minecraft:picked_up":{"minecraft:wooden_axe":1,"minecraft:iron_chestplate":1,"minecraft:charcoal":58,"minecraft:crafting_table":8,"minecraft:diamond_sword":1,"duneons:gildedglory_chestplate":1,"duneons:vines_boots":1,"duneons:sanctumlamp":1,"duneons:sabrewing_bow":1,"duneons:ashblock":1,"minecraft:string":3,"minecraft:raw_copper":48,"minecraft:iron_axe":1,"minecraft:cooked_salmon":12,"duneons:goatgear_helmet":1,"duneons:rapierred":2,"minecraft:cobbled_deepslate":615,"minecraft:light_gray_wool":1,"minecraft:chest":2,"minecraft:birch_sapling":1,"minecraft:furnace":6,"minecraft:egg":1,"minecraft:iron_boots":1,"minecraft:stick":5,"minecraft:raw_iron":84,"minecraft:oak_fence":4,"minecraft:torch":3,"sophisticatedbackpacks:backpack":1,"tombstone:grave_dust":4,"minecraft:diorite":55,"minecraft:carrot":3,"duneons:vines_helmet":1,"vanillaplustools:wooden_shovel":1,"minecraft:arrow":18,"minecraft:rotten_flesh":12,"minecraft:mutton":6,"duneons:goatgear_chestplate":1,"minecraft:white_wool":3,"minecraft:cobblestone":884,"minecraft:birch_log":14,"duneons:dungeonscharreddirt":5,"minecraft:cooked_beef":5,"minecraft:andesite":8,"minecraft:salmon":88,"minecraft:leather":6,"minecraft:smoker":1,"paraglider:spirit_orb":2,"minecraft:tuff":59,"minecraft:oak_log":111,"minecraft:gunpowder":1,"minecraft:dirt":46,"minecraft:bone":17,"minecraft:apple":3,"minecraft:bow":2,"minecraft:raw_gold":6,"duneons:claymoreblade":1,"minecraft:iron_ingot":20,"duneons:tempestknifeblue":2,"duneons:mountaineeraxeiron":4,"minecraft:oak_planks":41,"duneons:dungeonscharredcobblestone":8,"duneons:highlandfern":18,"minecraft:white_bed":6,"minecraft:spider_eye":1,"duneons:leaveswindswept":1,"minecraft:dark_oak_log":58,"minecraft:pumpkin_seeds":9,"minecraft:diamond":5,"minecraft:iron_helmet":2,"minecraft:granite":29,"duneons:ravagergatewood_3":1,"minecraft:bone_meal":7,"duneons:highlandstone":21,"minecraft:gray_wool":1,"minecraft:emerald":2,"minecraft:bread":29,"duneons:ravagergateiron":1,"tombstone:magic_scroll":1,"minecraft:oak_sapling":12,"minecraft:stripped_dark_oak_log":2,"minecraft:coal":47,"minecraft:diamond_pickaxe":1},"minecraft:crafted":{"vanillaplustools:wooden_hammer":1,"minecraft:oak_planks":156,"vanillaplustools:stone_hammer":2,"minecraft:furnace":2,"minecraft:cooked_mutton":2,"minecraft:iron_boots":1,"sophisticatedbackpacks:copper_backpack":1,"minecraft:iron_axe":2,"minecraft:stone_pickaxe":18,"minecraft:chest":2,"vanillaplustools:wooden_shovel":1,"sophisticatedbackpacks:iron_backpack":1,"minecraft:smoker":1,"minecraft:wooden_shovel":9,"minecraft:diamond_sword":1,"minecraft:crafting_table":5,"minecraft:wooden_pickaxe":9,"minecraft:iron_helmet":1,"minecraft:cooked_salmon":10,"minecraft:copper_ingot":8,"minecraft:birch_planks":40,"minecraft:bread":1,"minecraft:air":0,"minecraft:white_wool":3,"minecraft:iron_chestplate":1,"minecraft:diamond_pickaxe":1,"minecraft:charcoal":53,"minecraft:shield":1,"minecraft:stick":88,"minecraft:iron_ingot":51,"minecraft:iron_pickaxe":1,"minecraft:wooden_axe":2,"minecraft:iron_leggings":1,"minecraft:white_bed":1,"minecraft:torch":24}},"DataVersion":3465}