{"stats":{"minecraft:killed_by":{"minecraft:player":1},"minecraft:custom":{"minecraft:interact_with_furnace":6,"minecraft:mob_kills":7,"minecraft:interact_with_crafting_table":12,"minecraft:leave_game":3,"minecraft:time_since_death":6319,"minecraft:time_since_rest":3920,"minecraft:sprint_one_cm":48808,"minecraft:damage_taken":344,"minecraft:walk_one_cm":139199,"minecraft:drop":21,"minecraft:damage_dealt":1087,"minecraft:fly_one_cm":38172,"minecraft:player_kills":1,"minecraft:crouch_one_cm":5810,"minecraft:play_time":38045,"tombstone:undead_killed":5,"minecraft:deaths":1,"minecraft:sneak_time":2146,"minecraft:walk_under_water_one_cm":2524,"minecraft:jump":294,"minecraft:walk_on_water_one_cm":1000,"minecraft:total_world_time":38045,"minecraft:fall_one_cm":4612},"minecraft:mined":{"minecraft:deepslate_diamond_ore":1,"minecraft:crafting_table":1,"minecraft:granite":37,"minecraft:grass_block":5,"minecraft:cobblestone":2,"minecraft:deepslate_gold_ore":6,"minecraft:diorite":6,"minecraft:iron_ore":12,"minecraft:andesite":56,"minecraft:deepslate_lapis_ore":1,"minecraft:oak_log":9,"minecraft:deepslate_iron_ore":29,"minecraft:dirt":15,"minecraft:stone":113,"minecraft:oak_leaves":4,"minecraft:deepslate":365},"minecraft:killed":{"minecraft:creeper":1,"minecraft:zombie":5},"minecraft:dropped":{"minecraft:cobbled_deepslate":12,"minecraft:diamond":2,"minecraft:rotten_flesh":2,"minecraft:granite":33,"minecraft:rail":1,"minecraft:diorite":7,"vanillaplustools:wooden_hammer":1,"minecraft:andesite":23,"minecraft:wooden_axe":1,"minecraft:oak_sapling":2,"minecraft:stone_pickaxe":2,"minecraft:wooden_pickaxe":1},"minecraft:used":{"minecraft:diorite":1,"minecraft:stone_pickaxe":102,"minecraft:oak_planks":1,"minecraft:wooden_pickaxe":5,"vanillaplustools:stone_hammer":58,"minecraft:iron_chestplate":1,"minecraft:crafting_table":4,"minecraft:carrot":1,"minecraft:granite":8,"minecraft:oak_log":4,"minecraft:wooden_axe":7,"minecraft:iron_axe":16,"minecraft:iron_pickaxe":43,"minecraft:cobblestone":5,"minecraft:furnace":1,"minecraft:andesite":34},"minecraft:picked_up":{"minecraft:crafting_table":1,"minecraft:andesite":57,"vanillaplustools:wooden_hammer":1,"minecraft:oak_log":50,"minecraft:lapis_lazuli":8,"minecraft:dirt":20,"minecraft:cobbled_deepslate":365,"minecraft:raw_gold":6,"minecraft:oak_planks":3,"minecraft:stick":6,"minecraft:raw_iron":39,"tombstone:grave_dust":1,"minecraft:diorite":8,"minecraft:carrot":1,"minecraft:rotten_flesh":2,"minecraft:diamond":2,"minecraft:granite":41,"minecraft:oak_sapling":2,"minecraft:rail":1,"minecraft:cobblestone":120},"minecraft:crafted":{"minecraft:oak_planks":184,"vanillaplustools:stone_hammer":1,"minecraft:crafting_table":4,"minecraft:wooden_pickaxe":1,"minecraft:furnace":1,"minecraft:air":0,"minecraft:iron_chestplate":1,"minecraft:iron_axe":1,"minecraft:stick":72,"minecraft:iron_ingot":16,"minecraft:iron_pickaxe":1,"minecraft:stone_pickaxe":11,"minecraft:wooden_axe":1}},"DataVersion":3465}