{"stats":{"minecraft:dropped":{"minecraft:iron_ingot":7,"minecraft:bread":21,"minecraft:moss_block":1,"minecraft:wheat_seeds":4,"duneons:goatgear_chestplate":1,"minecraft:cooked_beef":5,"duneons:powerfulbow":1,"minecraft:oak_log":1,"duneons:sanctumstonecutgilded":1,"minecraft:dark_oak_sapling":2,"minecraft:cobblestone":7,"minecraft:prismarine_crystals":2,"duneons:claymoreblade":1,"minecraft:leather":1,"minecraft:granite":8,"minecraft:copper_ingot":1,"duneons:dirtbricker":1,"minecraft:red_carpet":4,"minecraft:polished_andesite":13,"minecraft:stick":9,"minecraft:dirt":10,"minecraft:dark_oak_log":1,"minecraft:golden_carrot":1,"tombstone:grave_key":1,"minecraft:wooden_axe":2,"duneons:ravagergateiron":1,"minecraft:snowball":6,"duneons:dungeonscharredcobblestone":1,"duneons:goatgear_helmet":1,"minecraft:gold_nugget":4,"duneons:mountaineeraxeiron":5,"minecraft:sand":1,"duneons:andesitebreked":1,"minecraft:string":4,"paraglider:paraglider":1,"minecraft:dark_oak_planks":6,"duneons:stonehorse":1,"duneons:ravager_gatewood":1,"minecraft:bone":5,"minecraft:redstone":3,"iceandfire:silver_nugget":2,"duneons:rapierred":1,"minecraft:stone_axe":2,"duneons:ravagergatewood_3":1,"minecraft:moss_carpet":2,"minecraft:cobblestone_wall":1,"minecraft:stone_sword":3,"duneons:keygold":1,"minecraft:sticky_piston":2,"minecraft:wheat":8,"minecraft:raw_iron":2,"duneons:highlandgoldwood":1,"minecraft:chicken":2,"minecraft:rotten_flesh":19,"duneons:outpostbricks":13,"duneons:highlandfern":13,"duneons:goldchain":11,"iceandfire:silver_ore":2,"iceandfire:dragon_skull_ice":6,"minecraft:carrot":6,"duneons:highlandgrasspath":5,"minecraft:filled_map":2,"minecraft:gunpowder":2,"minecraft:spruce_planks":15,"duneons:rampartbrazier":1,"duneons:tempestknifeblue":1,"minecraft:oak_sapling":1,"minecraft:stone_pickaxe":6,"minecraft:wooden_pickaxe":4,"minecraft:egg":2},"minecraft:broken":{"duneons:greenswoed":1,"duneons:goatgear_helmet":1,"minecraft:stone_axe":2},"minecraft:killed_by":{"iceandfire:cyclops":1,"minecraft:creeper":1,"minecraft:vindicator":2},"minecraft:used":{"minecraft:stone_sword":222,"iceandfire:dragon_skull_ice":5,"minecraft:chest":1,"duneons:ravagergatewood_3":1,"duneons:greenswoed":215,"minecraft:spruce_planks":54,"minecraft:shield":18,"vanillaplustools:stone_hammer":71,"minecraft:rotten_flesh":6,"minecraft:iron_chestplate":1,"duneons:tempestknifeblue":210,"minecraft:dirt":15,"minecraft:carrot":1,"duneons:wagonblock":1,"duneons:goatgear_chestplate":1,"minecraft:dark_oak_planks":9,"minecraft:wooden_axe":33,"minecraft:iron_boots":1,"duneons:goatgear_helmet":1,"minecraft:golden_carrot":4,"minecraft:furnace":11,"tombstone:gift":5,"minecraft:egg":1,"minecraft:skeleton_skull":1,"minecraft:cooked_beef":20,"minecraft:oak_planks":4,"minecraft:stone_pickaxe":175,"minecraft:wooden_pickaxe":20,"minecraft:blue_bed":1,"securitycraft:cobblestone_mine":1,"iceandfire:armor_silver_metal_boots":1,"duneons:strengthenironpickaxe":29,"minecraft:crafting_table":24,"minecraft:red_bed":1,"minecraft:white_bed":6,"minecraft:apple":5,"duneons:woodbacketwater":1,"minecraft:bread":26,"tombstone:grave_key":1,"duneons:minecartgift":1,"minecraft:stone_axe":96,"minecraft:cobblestone":112,"minecraft:cooked_porkchop":14,"minecraft:bucket":1,"minecraft:oak_boat":3,"iceandfire:silver_shovel":172,"duneons:highlandberries":11,"minecraft:splash_potion":1,"iceandfire:lectern":1},"minecraft:killed":{"duneons:woolycow":1,"minecraft:vindicator":2,"minecraft:spider":7,"duneons:wraith":7,"minecraft:skeleton":5,"duneons:squallgolem":5,"minecraft:chicken":1,"minecraft:drowned":6,"iceandfire:hippocampus":6,"duneons:frozenzombie":3,"minecraft:husk":1,"minecraft:pig":25,"minecraft:creeper":2,"duneons:mountaineer":38,"minecraft:polar_bear":1,"minecraft:sheep":24,"minecraft:pillager":1,"minecraft:zombie":20,"minecraft:stray":3,"iceandfire:ice_dragon":4,"minecraft:cow":17},"minecraft:picked_up":{"duneons:highlandgrasspath":5,"minecraft:crafting_table":23,"minecraft:iron_chestplate":1,"minecraft:chicken":2,"minecraft:wooden_pickaxe":1,"tombstone:grave_key":1,"minecraft:string":9,"minecraft:red_bed":1,"minecraft:moss_carpet":2,"minecraft:sticky_piston":6,"minecraft:white_carpet":1,"duneons:rapierred":1,"minecraft:beef":36,"minecraft:oak_boat":3,"duneons:lavabrickblock":2,"minecraft:furnace":11,"iceandfire:ice_dragon_heart":4,"duneons:sanctumstonecutgilded":1,"minecraft:egg":4,"minecraft:dark_oak_sapling":2,"minecraft:raw_iron":2,"minecraft:stick":9,"iceandfire:dragonbone":160,"minecraft:copper_ingot":1,"iceandfire:dragonscales_white":11,"iceandfire:silver_ore":2,"minecraft:porkchop":50,"tombstone:grave_dust":3,"minecraft:carrot":1,"minecraft:redstone":3,"duneons:vines_helmet":1,"minecraft:prismarine_crystals":2,"iceandfire:dragon_skull_ice":15,"minecraft:stone_sword":2,"minecraft:arrow":10,"minecraft:rotten_flesh":28,"iceandfire:dragonscales_silver":9,"minecraft:hay_block":14,"minecraft:totem_of_undying":1,"minecraft:white_wool":24,"minecraft:mutton":36,"minecraft:iron_bars":1,"minecraft:snowball":6,"minecraft:cobblestone":568,"duneons:stonehorse":2,"minecraft:cooked_beef":6,"minecraft:golden_carrot":1,"minecraft:leather":20,"paraglider:spirit_orb":4,"minecraft:oak_log":26,"duneons:dirtbricker":1,"minecraft:gunpowder":2,"minecraft:cobblestone_wall":1,"minecraft:blue_bed":1,"minecraft:dirt":108,"duneons:wagonblock":2,"minecraft:red_carpet":4,"minecraft:bone":9,"minecraft:kelp":8,"minecraft:wheat_seeds":4,"duneons:tempestknifeblue":2,"minecraft:iron_ingot":2,"duneons:claymoreblade":2,"minecraft:stone_pickaxe":1,"duneons:mountaineeraxeiron":5,"minecraft:moss_block":1,"duneons:highlandgoldwood":1,"securitycraft:mine":3,"minecraft:cooked_porkchop":6,"duneons:dungeonscharredcobblestone":1,"iceandfire:dragonscales_sapphire":49,"duneons:andesitebreked":1,"duneons:highlandfern":13,"iceandfire:shiny_scales":16,"minecraft:sand":53,"minecraft:white_bed":6,"minecraft:spruce_log":28,"minecraft:dark_oak_log":231,"minecraft:polished_andesite":13,"minecraft:stone_axe":1,"duneons:minecartgift":1,"minecraft:granite":8,"duneons:ravagergatewood_3":1,"iceandfire:ice_dragon_flesh":8,"minecraft:emerald":5,"duneons:keygold":1,"tombstone:magic_scroll":1,"minecraft:oak_sapling":1,"iceandfire:silver_nugget":130,"minecraft:coal":55},"minecraft:crafted":{"minecraft:golden_carrot":4,"minecraft:oak_planks":100,"vanillaplustools:stone_hammer":2,"iceandfire:silver_shovel":1,"minecraft:furnace":3,"iceandfire:lectern":1,"minecraft:cooked_mutton":12,"minecraft:glass":3,"minecraft:stone_pickaxe":24,"minecraft:chest":2,"iceandfire:dragon_bone_block":17,"minecraft:dark_oak_planks":24,"sophisticatedbackpacks:iron_backpack":1,"minecraft:wheat":126,"minecraft:cooked_beef":22,"paraglider:paraglider":2,"minecraft:glass_bottle":3,"sophisticatedbackpacks:backpack":1,"iceandfire:silver_ingot":19,"minecraft:cooked_porkchop":14,"minecraft:crafting_table":4,"minecraft:spruce_planks":112,"minecraft:wooden_pickaxe":3,"minecraft:bucket":1,"securitycraft:cobblestone_mine":1,"minecraft:stone_axe":3,"minecraft:bread":43,"minecraft:air":0,"minecraft:oak_boat":1,"iceandfire:bestiary":1,"minecraft:gold_nugget":36,"minecraft:shield":1,"minecraft:stick":92,"minecraft:wooden_axe":2,"minecraft:stone_sword":3,"minecraft:gold_ingot":4,"minecraft:white_bed":1},"minecraft:mined":{"minecraft:red_carpet":1,"minecraft:white_bed":5,"iceandfire:silver_ore":2,"minecraft:dark_oak_leaves":2,"minecraft:dark_oak_log":6,"duneons:highlandgoldwood":1,"minecraft:sea_lantern":1,"duneons:charredstone":1,"minecraft:granite":4,"minecraft:grass_block":42,"duneons:highlandtallgrass":29,"duneons:highlandgrass":1,"minecraft:kelp":2,"duneons:sanctumstonecutgilded":1,"minecraft:spawner":3,"minecraft:hay_block":14,"minecraft:furnace":11,"minecraft:iron_ore":1,"minecraft:sticky_piston":2,"minecraft:snow":1,"minecraft:dirt_path":6,"minecraft:iron_bars":2,"minecraft:stone":564,"duneons:andesitebreked":2,"minecraft:piston_head":4,"minecraft:red_bed":1,"minecraft:kelp_plant":2,"iceandfire:dragon_ice_spikes":6,"minecraft:crafting_table":22,"duneons:doubleplanthighlandfern":1,"minecraft:copper_ore":1,"minecraft:tall_grass":1,"minecraft:cobblestone":5,"minecraft:blue_bed":1,"duneons:stonehorse":2,"duneons:dirtbricker":1,"duneons:ravagergatewood_3":1,"minecraft:ice":3,"minecraft:white_carpet":1,"minecraft:spruce_log":14,"duneons:highlandfern":8,"minecraft:grass":21,"minecraft:coal_ore":15,"minecraft:oak_log":5,"minecraft:sand":89,"minecraft:dirt":60,"minecraft:polished_andesite":14,"minecraft:oak_leaves":6,"duneons:lavabrickblock":3},"minecraft:custom":{"minecraft:mob_kills":186,"minecraft:interact_with_crafting_table":73,"minecraft:leave_game":14,"minecraft:time_since_death":68951,"minecraft:climb_one_cm":3936,"minecraft:damage_resisted":1791,"minecraft:sprint_one_cm":889207,"minecraft:walk_one_cm":773890,"minecraft:damage_blocked_by_shield":310,"minecraft:drop":210,"minecraft:damage_dealt_absorbed":34,"minecraft:play_time":329195,"minecraft:sneak_time":4509,"minecraft:deaths":5,"minecraft:walk_under_water_one_cm":71786,"minecraft:boat_one_cm":65340,"minecraft:interact_with_brewingstand":2,"minecraft:jump":5201,"minecraft:interact_with_blast_furnace":2,"minecraft:walk_on_water_one_cm":38169,"minecraft:total_world_time":329195,"minecraft:interact_with_furnace":44,"tombstone:raider_killed":3,"minecraft:sleep_in_bed":22,"minecraft:time_since_rest":8682,"minecraft:waystone_activated":3,"minecraft:damage_taken":5556,"minecraft:trigger_trapped_chest":1,"minecraft:damage_dealt":47060,"minecraft:swim_one_cm":128391,"minecraft:fly_one_cm":1084370,"minecraft:open_chest":97,"minecraft:crouch_one_cm":9396,"tombstone:undead_killed":35,"minecraft:interact_with_smoker":2,"minecraft:fall_one_cm":129275}},"DataVersion":3465}