{"stats":{"minecraft:mined":{"minecraft:white_bed":5,"iceandfire:graveyard_soil":13,"duneons:highlandgoldwood":1,"duneons:charredstone":1,"minecraft:granite":4,"minecraft:grass_block":51,"duneons:sanctumstonecutgilded":1,"minecraft:spawner":3,"minecraft:tall_seagrass":1,"minecraft:iron_ore":2,"minecraft:sticky_piston":2,"minecraft:fire":1,"minecraft:dirt_path":15,"minecraft:iron_bars":2,"minecraft:piston_head":4,"minecraft:red_bed":1,"minecraft:kelp_plant":2,"minecraft:smoker":1,"iceandfire:dragon_ice_spikes":6,"minecraft:torch":1,"iceandfire:ghost_chest":1,"minecraft:chest":3,"minecraft:nether_quartz_ore":10,"minecraft:cobblestone":11,"minecraft:skeleton_skull":2,"duneons:ravagergatewood_3":1,"minecraft:wither_rose":2,"minecraft:grass":23,"minecraft:oak_log":5,"minecraft:sand":89,"minecraft:dirt":66,"minecraft:netherrack":92,"minecraft:oak_leaves":6,"minecraft:nether_gold_ore":39,"minecraft:red_carpet":1,"iceandfire:silver_ore":2,"minecraft:dark_oak_leaves":2,"minecraft:dark_oak_log":6,"minecraft:sea_lantern":1,"duneons:highlandtallgrass":31,"duneons:highlandgrass":1,"minecraft:spruce_leaves":2,"minecraft:kelp":2,"minecraft:large_fern":1,"minecraft:hay_block":14,"minecraft:furnace":11,"minecraft:snow":5,"minecraft:vine":1,"minecraft:stone":584,"minecraft:white_wool":1,"duneons:andesitebreked":2,"minecraft:soul_sand":17,"minecraft:crafting_table":25,"duneons:doubleplanthighlandfern":1,"minecraft:tall_grass":1,"minecraft:copper_ore":1,"minecraft:blue_bed":1,"minecraft:spruce_stairs":1,"duneons:stonehorse":3,"duneons:dirtbricker":1,"minecraft:ice":39,"minecraft:white_carpet":1,"minecraft:spruce_log":14,"duneons:highlandfern":11,"minecraft:coal_ore":28,"minecraft:gravel":4,"minecraft:polished_andesite":16,"duneons:lavabrickblock":3},"minecraft:used":{"iceandfire:lectern":2,"iceandfire:dragon_skull_ice":5,"duneons:ravagergatewood_3":1,"minecraft:chest":15,"minecraft:shield":45,"minecraft:rotten_flesh":6,"minecraft:iron_chestplate":1,"duneons:tempestknifeblue":243,"duneons:icetorch":3,"minecraft:carrot":1,"minecraft:snowball":4,"minecraft:milk_bucket":1,"minecraft:obsidian":2,"duneons:wagonblock":4,"minecraft:lava_bucket":1,"minecraft:dark_oak_boat":5,"minecraft:furnace":16,"minecraft:skeleton_skull":1,"minecraft:egg":1,"minecraft:oak_planks":4,"minecraft:stone_pickaxe":176,"minecraft:wooden_pickaxe":20,"minecraft:blue_bed":1,"duneons:stonehorse":2,"elevatorid:elevator_white":2,"iceandfire:armor_silver_metal_boots":1,"duneons:strengthenironpickaxe":183,"duneons:shield_johan":2,"minecraft:bread":26,"tombstone:grave_key":1,"minecraft:oak_boat":3,"duneons:highlandberries":11,"minecraft:stone_sword":222,"duneons:saber":156,"minecraft:flint_and_steel":1,"duneons:greenswoed":215,"minecraft:spruce_planks":54,"vanillaplustools:stone_hammer":85,"minecraft:torch":1,"minecraft:dirt":35,"duneons:goatgear_chestplate":1,"minecraft:dark_oak_planks":9,"minecraft:wooden_axe":33,"minecraft:iron_boots":1,"duneons:goatgear_helmet":1,"minecraft:golden_carrot":4,"tombstone:gift":7,"minecraft:cooked_beef":21,"minecraft:cooked_mutton":14,"minecraft:water_bucket":4,"securitycraft:cobblestone_mine":1,"minecraft:crafting_table":29,"minecraft:red_bed":1,"minecraft:white_bed":6,"minecraft:smoker":1,"minecraft:apple":5,"duneons:woodbacketwater":1,"minecraft:iron_pickaxe":41,"iceandfire:graveyard_soil":13,"minecraft:stone_axe":133,"duneons:minecartgift":1,"minecraft:cobblestone":174,"minecraft:cooked_porkchop":40,"minecraft:bucket":7,"iceandfire:silver_shovel":228,"duneons:featherblue":1,"minecraft:splash_potion":1},"minecraft:crafted":{"minecraft:oak_planks":100,"minecraft:dark_oak_boat":1,"iceandfire:silver_shovel":1,"iceandfire:lectern":2,"minecraft:cooked_mutton":36,"minecraft:glass":3,"minecraft:chest":12,"minecraft:glass_bottle":3,"sophisticatedbackpacks:backpack":1,"minecraft:cooked_porkchop":44,"minecraft:crafting_table":7,"minecraft:spruce_planks":112,"minecraft:wooden_pickaxe":3,"minecraft:shield":1,"minecraft:stick":120,"minecraft:iron_pickaxe":1,"minecraft:stone_sword":3,"minecraft:gold_ingot":21,"minecraft:shears":1,"minecraft:golden_carrot":4,"vanillaplustools:stone_hammer":2,"minecraft:furnace":8,"minecraft:flint_and_steel":1,"minecraft:stone_pickaxe":24,"iceandfire:dragon_bone_block":17,"minecraft:dark_oak_planks":308,"minecraft:wheat":126,"sophisticatedbackpacks:iron_backpack":1,"minecraft:cooked_beef":35,"paraglider:paraglider":2,"elevatorid:elevator_white":2,"iceandfire:silver_ingot":53,"sophisticatedbackpacks:gold_backpack":1,"minecraft:bucket":2,"securitycraft:cobblestone_mine":1,"minecraft:stone_axe":4,"minecraft:air":0,"minecraft:bread":43,"minecraft:oak_boat":1,"iceandfire:bestiary":1,"minecraft:gold_nugget":36,"minecraft:wooden_axe":2,"minecraft:white_bed":1},"minecraft:killed_by":{"iceandfire:cyclops":1,"minecraft:creeper":1,"minecraft:vindicator":2},"minecraft:killed":{"duneons:woolycow":2,"duneons:mobspawner":1,"minecraft:spider":7,"duneons:wraith":9,"minecraft:skeleton":7,"minecraft:chicken":1,"minecraft:piglin":1,"minecraft:pig":35,"minecraft:creeper":4,"duneons:mountaineer":43,"minecraft:sheep":26,"minecraft:pillager":4,"minecraft:zombie":29,"minecraft:stray":7,"minecraft:cow":22,"minecraft:vindicator":2,"duneons:squallgolem":9,"minecraft:drowned":6,"iceandfire:hippocampus":6,"duneons:frozenzombie":13,"minecraft:husk":1,"duneons:wickedwraith":1,"minecraft:polar_bear":1,"iceandfire:ghost":9,"iceandfire:ice_dragon":5,"minecraft:enderman":1},"minecraft:dropped":{"minecraft:moss_block":1,"minecraft:cooked_beef":5,"minecraft:oak_log":1,"duneons:sanctumstonecutgilded":1,"duneons:halberd":1,"minecraft:dark_oak_sapling":2,"duneons:claymoreblade":1,"duneons:snowbow":1,"minecraft:leather":1,"duneons:dirtbricker":1,"minecraft:red_carpet":4,"minecraft:dirt":10,"minecraft:dark_oak_log":1,"minecraft:snowball":6,"minecraft:gold_nugget":4,"minecraft:sand":1,"duneons:andesitebreked":1,"paraglider:paraglider":1,"minecraft:dark_oak_planks":6,"duneons:stonehorse":1,"duneons:ravager_gatewood":1,"minecraft:bone":6,"minecraft:stone_axe":2,"minecraft:wheat":8,"duneons:highlandgoldwood":1,"minecraft:rotten_flesh":20,"minecraft:carrot":6,"minecraft:gunpowder":2,"duneons:tempestknifeblue":1,"minecraft:arrow":2,"minecraft:netherrack":1,"minecraft:egg":2,"minecraft:iron_ingot":7,"minecraft:bread":21,"duneons:soullanternitem":1,"duneons:goatgear_chestplate":1,"minecraft:wheat_seeds":4,"duneons:powerfulbow":1,"minecraft:cobblestone":7,"minecraft:prismarine_crystals":2,"minecraft:granite":8,"minecraft:copper_ingot":1,"minecraft:stick":9,"minecraft:polished_andesite":13,"minecraft:golden_carrot":1,"tombstone:grave_key":1,"minecraft:wooden_axe":2,"duneons:ravagergateiron":1,"duneons:dungeonscharredcobblestone":1,"duneons:goatgear_helmet":1,"duneons:mountaineeraxeiron":5,"minecraft:string":4,"minecraft:spruce_sapling":1,"minecraft:redstone":3,"duneons:rapierred":3,"iceandfire:silver_nugget":2,"duneons:ravagergatewood_3":1,"minecraft:moss_carpet":2,"minecraft:stone_sword":3,"minecraft:cobblestone_wall":1,"duneons:keygold":1,"minecraft:sticky_piston":2,"minecraft:raw_iron":2,"minecraft:chicken":2,"duneons:outpostbricks":13,"duneons:highlandfern":14,"duneons:goldchain":11,"iceandfire:silver_ore":2,"iceandfire:dragon_skull_ice":6,"duneons:highlandgrasspath":5,"minecraft:filled_map":2,"minecraft:spruce_planks":15,"duneons:rampartbrazier":1,"minecraft:oak_sapling":1,"minecraft:stone_pickaxe":6,"minecraft:wooden_pickaxe":4},"minecraft:picked_up":{"minecraft:iron_chestplate":1,"iceandfire:copper_sword":1,"minecraft:wither_rose":2,"tombstone:grave_key":1,"minecraft:string":11,"minecraft:sticky_piston":6,"minecraft:gold_nugget":160,"duneons:lavabrickblock":2,"duneons:iceoakwoodfence":2,"minecraft:furnace":13,"minecraft:iron_boots":1,"duneons:sanctumstonecutgilded":1,"minecraft:tipped_arrow":3,"minecraft:stick":9,"iceandfire:ghost_chest":1,"duneons:corruptedbeaconaold":2,"duneons:soullanternitem":2,"minecraft:torch":1,"iceandfire:dragonscales_white":11,"minecraft:spruce_stairs":1,"iceandfire:silver_ore":2,"minecraft:porkchop":73,"duneons:saber":1,"tombstone:grave_dust":8,"duneons:vines_helmet":1,"duneons:frostwalker_helmet":2,"minecraft:stone_sword":2,"minecraft:rotten_flesh":50,"minecraft:iron_bars":1,"minecraft:snowball":10,"minecraft:cobblestone":594,"minecraft:cooked_beef":6,"minecraft:dark_oak_boat":5,"minecraft:smoker":1,"paraglider:spirit_orb":4,"minecraft:flint":1,"minecraft:dirt":132,"duneons:wagonblock":4,"minecraft:bone":24,"minecraft:wheat_seeds":4,"duneons:claymoreblade":2,"minecraft:moss_block":1,"duneons:highlandgoldwood":1,"duneons:souihealer":2,"securitycraft:mine":3,"duneons:crimsonroots":2,"minecraft:cooked_porkchop":6,"iceandfire:dragonscales_sapphire":83,"iceandfire:shiny_scales":16,"minecraft:sand":54,"minecraft:dark_oak_log":231,"minecraft:bundle":1,"minecraft:polished_andesite":15,"minecraft:granite":8,"duneons:ravagergatewood_3":1,"minecraft:emerald":5,"minecraft:chainmail_helmet":1,"minecraft:oak_sapling":1,"minecraft:netherrack":71,"iceandfire:silver_nugget":410,"duneons:highlandgrasspath":5,"duneons:highlandberries":4,"minecraft:crafting_table":26,"minecraft:chicken":2,"minecraft:wooden_pickaxe":1,"duneons:shield_johan":2,"minecraft:red_bed":1,"minecraft:moss_carpet":2,"minecraft:white_carpet":1,"iceandfire:graveyard_soil":13,"duneons:rapierred":3,"minecraft:beef":50,"minecraft:oak_boat":4,"minecraft:chest":4,"iceandfire:ice_dragon_heart":5,"minecraft:egg":6,"minecraft:dark_oak_sapling":2,"minecraft:raw_iron":3,"iceandfire:dragonbone":241,"minecraft:copper_ingot":2,"minecraft:carrot":2,"minecraft:redstone":3,"minecraft:prismarine_crystals":2,"iceandfire:dragon_skull_ice":20,"iceandfire:silver_ingot":4,"minecraft:arrow":23,"iceandfire:dragonscales_silver":9,"minecraft:hay_block":14,"minecraft:totem_of_undying":1,"duneons:halberd":1,"minecraft:mutton":38,"minecraft:skeleton_skull":2,"minecraft:white_wool":31,"duneons:stonehorse":3,"minecraft:golden_carrot":1,"minecraft:leather":26,"minecraft:oak_log":26,"duneons:dirtbricker":1,"iceandfire:ectoplasm":8,"minecraft:cobblestone_wall":1,"minecraft:gunpowder":4,"minecraft:blue_bed":1,"minecraft:white_banner":1,"minecraft:cooked_mutton":12,"minecraft:red_carpet":4,"minecraft:apple":3,"minecraft:kelp":8,"duneons:tempestknifeblue":2,"minecraft:iron_ingot":2,"minecraft:stone_pickaxe":1,"duneons:mountaineeraxeiron":5,"minecraft:soul_sand":17,"duneons:dungeonscharredcobblestone":1,"minecraft:quartz":10,"duneons:andesitebreked":1,"duneons:highlandfern":14,"minecraft:gravel":3,"minecraft:spruce_sapling":2,"minecraft:white_bed":6,"minecraft:spruce_log":29,"minecraft:stone_axe":1,"duneons:featherblue":2,"duneons:minecartgift":1,"iceandfire:ice_dragon_flesh":8,"duneons:keygold":1,"tombstone:magic_scroll":2,"minecraft:coal":67,"minecraft:ender_pearl":1},"minecraft:broken":{"duneons:goatgear_helmet":2,"minecraft:stone_axe":2,"iceandfire:armor_silver_metal_boots":1,"duneons:goatgear_chestplate":1,"iceandfire:armor_silver_metal_leggings":1,"duneons:greenswoed":1},"minecraft:custom":{"minecraft:interact_with_crafting_table":96,"minecraft:leave_game":18,"minecraft:time_since_death":228743,"minecraft:damage_resisted":3629,"minecraft:sprint_one_cm":1322259,"minecraft:damage_blocked_by_shield":955,"minecraft:drop":222,"minecraft:play_time":488987,"minecraft:deaths":5,"minecraft:jump":7835,"minecraft:interact_with_brewingstand":2,"minecraft:walk_on_water_one_cm":49895,"minecraft:interact_with_furnace":74,"minecraft:sleep_in_bed":29,"minecraft:waystone_activated":3,"minecraft:damage_dealt":65008,"minecraft:crouch_one_cm":15632,"tombstone:undead_killed":59,"minecraft:interact_with_smoker":2,"minecraft:mob_kills":267,"minecraft:climb_one_cm":4091,"minecraft:walk_one_cm":1187342,"minecraft:damage_dealt_absorbed":34,"minecraft:sneak_time":6144,"minecraft:walk_under_water_one_cm":95442,"minecraft:boat_one_cm":149130,"minecraft:interact_with_blast_furnace":2,"minecraft:total_world_time":488987,"tombstone:raider_killed":6,"minecraft:time_since_rest":67326,"minecraft:damage_taken":8330,"minecraft:trigger_trapped_chest":2,"minecraft:swim_one_cm":133326,"minecraft:fly_one_cm":1766164,"minecraft:open_chest":254,"minecraft:fall_one_cm":196198}},"DataVersion":3465}