{"stats":{"minecraft:custom":{"minecraft:mob_kills":99,"minecraft:interact_with_crafting_table":45,"minecraft:leave_game":14,"minecraft:time_since_death":0,"minecraft:climb_one_cm":9153,"minecraft:damage_resisted":50,"minecraft:sprint_one_cm":672013,"minecraft:walk_one_cm":593800,"minecraft:damage_blocked_by_shield":85,"minecraft:drop":119,"minecraft:play_time":226824,"minecraft:sneak_time":3159,"minecraft:deaths":8,"minecraft:walk_under_water_one_cm":10268,"minecraft:interact_with_brewingstand":2,"minecraft:jump":3847,"minecraft:interact_with_blast_furnace":2,"minecraft:walk_on_water_one_cm":10622,"minecraft:total_world_time":226824,"minecraft:interact_with_furnace":17,"tombstone:raider_killed":3,"minecraft:sleep_in_bed":11,"minecraft:time_since_rest":0,"minecraft:waystone_activated":3,"minecraft:damage_taken":5083,"minecraft:trigger_trapped_chest":4,"minecraft:damage_dealt":27470,"minecraft:swim_one_cm":27512,"minecraft:fly_one_cm":812326,"minecraft:open_chest":29,"minecraft:crouch_one_cm":7782,"tombstone:undead_killed":18,"minecraft:interact_with_smoker":2,"minecraft:fall_one_cm":96995},"minecraft:mined":{"minecraft:red_carpet":1,"minecraft:white_bed":1,"iceandfire:graveyard_soil":2,"iceandfire:silver_ore":2,"duneons:highlandgoldwood":1,"duneons:charredstone":1,"minecraft:grass_block":13,"duneons:highlandtallgrass":36,"duneons:highlandgrass":1,"duneons:sanctumstonecutgilded":1,"duneons:slabspawn_4":1,"minecraft:spawner":3,"minecraft:hay_block":14,"minecraft:furnace":5,"minecraft:sticky_piston":2,"minecraft:vine":1,"minecraft:iron_bars":2,"minecraft:stone":230,"duneons:andesitebreked":2,"minecraft:red_bed":2,"minecraft:crafting_table":13,"duneons:doubleplanthighlandfern":1,"minecraft:copper_ore":4,"minecraft:tall_grass":1,"minecraft:blue_bed":1,"minecraft:skeleton_skull":2,"duneons:stonehorse":3,"duneons:dirtbricker":1,"duneons:ravagergatewood_3":1,"duneons:spidereggtreetop":2,"minecraft:white_carpet":1,"minecraft:spruce_log":14,"duneons:highlandfern":20,"minecraft:wither_rose":2,"minecraft:grass":17,"minecraft:coal_ore":15,"minecraft:oak_log":17,"minecraft:dirt":6,"duneons:dungeonscharreddirt":1,"minecraft:polished_andesite":3,"minecraft:oak_leaves":5,"duneons:lavabrickblock":3},"minecraft:picked_up":{"duneons:highlandgrasspath":5,"minecraft:crafting_table":13,"minecraft:wither_rose":2,"tombstone:grave_key":2,"minecraft:string":9,"minecraft:red_bed":3,"minecraft:raw_copper":18,"duneons:goatgear_helmet":1,"minecraft:sticky_piston":2,"minecraft:white_carpet":1,"duneons:rapierred":1,"iceandfire:graveyard_soil":2,"minecraft:beef":15,"duneons:lavabrickblock":2,"iceandfire:ice_dragon_heart":1,"duneons:sanctumstonecutgilded":1,"minecraft:furnace":6,"minecraft:dark_oak_sapling":1,"minecraft:stick":5,"iceandfire:dragonbone":45,"iceandfire:silver_ore":2,"minecraft:porkchop":14,"tombstone:grave_dust":1,"duneons:vines_helmet":1,"iceandfire:dragon_skull_ice":4,"minecraft:arrow":4,"minecraft:rotten_flesh":15,"minecraft:hay_block":14,"minecraft:totem_of_undying":1,"duneons:goatgear_chestplate":1,"minecraft:iron_bars":1,"minecraft:snowball":1,"minecraft:skeleton_skull":2,"minecraft:cobblestone":232,"duneons:stonehorse":3,"duneons:dungeonscharreddirt":3,"minecraft:golden_carrot":1,"minecraft:leather":6,"duneons:burstgale":1,"paraglider:spirit_orb":4,"minecraft:oak_log":38,"duneons:dirtbricker":1,"minecraft:cobblestone_wall":1,"minecraft:gunpowder":1,"minecraft:dirt":20,"minecraft:blue_bed":1,"minecraft:bone":3,"minecraft:red_carpet":4,"duneons:spidereggtreetop":2,"minecraft:wheat_seeds":4,"duneons:tempestknifeblue":2,"minecraft:iron_ingot":2,"duneons:claymoreblade":2,"minecraft:stone_pickaxe":1,"duneons:mountaineeraxeiron":5,"minecraft:oak_planks":12,"duneons:highlandgoldwood":1,"duneons:dungeonscharredcobblestone":1,"iceandfire:dragonscales_sapphire":22,"duneons:andesitebreked":1,"duneons:highlandfern":14,"duneons:dungeonscharredcobblestoneslab":1,"minecraft:white_bed":2,"minecraft:spruce_log":28,"minecraft:dark_oak_log":183,"minecraft:polished_andesite":2,"duneons:ravagergatewood_3":1,"iceandfire:ice_dragon_flesh":4,"minecraft:emerald":5,"duneons:keygold":1,"tombstone:magic_scroll":1,"minecraft:oak_sapling":1,"minecraft:coal":33},"minecraft:dropped":{"minecraft:bread":21,"duneons:dungeonscharredcobblestoneslab":1,"duneons:goatgear_chestplate":1,"minecraft:wheat_seeds":4,"minecraft:golden_helmet":1,"duneons:powerfulbow":1,"minecraft:cooked_beef":5,"minecraft:oak_log":1,"duneons:sanctumstonecutgilded":1,"minecraft:dark_oak_sapling":1,"minecraft:cobblestone":5,"duneons:claymoreblade":1,"minecraft:leather":1,"duneons:dungeonscharreddirt":3,"minecraft:chainmail_helmet":1,"duneons:dirtbricker":1,"minecraft:flint":3,"minecraft:stick":3,"iceandfire:graveyard_soil":2,"minecraft:red_carpet":4,"minecraft:polished_andesite":2,"minecraft:dirt":2,"minecraft:dark_oak_log":1,"tombstone:grave_key":1,"minecraft:wooden_axe":3,"duneons:ravagergateiron":1,"minecraft:snowball":1,"duneons:dungeonscharredcobblestone":1,"duneons:goatgear_helmet":1,"minecraft:wooden_sword":1,"minecraft:gold_nugget":4,"duneons:mountaineeraxeiron":3,"duneons:andesitebreked":1,"minecraft:string":4,"duneons:stonehorse":1,"duneons:ravager_gatewood":1,"minecraft:bone":3,"duneons:rapierred":1,"duneons:ravagergatewood_3":1,"minecraft:cobblestone_wall":1,"minecraft:stone_sword":2,"duneons:keygold":1,"minecraft:sticky_piston":2,"duneons:highlandgoldwood":1,"minecraft:rotten_flesh":6,"duneons:outpostbricks":13,"duneons:highlandfern":14,"duneons:goldchain":11,"minecraft:iron_boots":1,"iceandfire:silver_ore":2,"iceandfire:dragon_skull_ice":1,"minecraft:white_bed":1,"minecraft:carrot":6,"duneons:highlandgrasspath":5,"minecraft:gunpowder":1,"minecraft:iron_chestplate":1,"minecraft:oak_sapling":1,"duneons:rampartbrazier":1,"duneons:tempestknifeblue":1,"minecraft:wooden_pickaxe":2,"minecraft:stone_pickaxe":3,"minecraft:beef":3},"minecraft:broken":{"duneons:greenswoed":1,"minecraft:stone_axe":1},"minecraft:used":{"minecraft:stone_sword":247,"iceandfire:dragon_skull_ice":1,"duneons:ravagergatewood_3":1,"duneons:greenswoed":215,"minecraft:spruce_planks":2,"minecraft:shield":3,"vanillaplustools:stone_hammer":21,"minecraft:torch":11,"minecraft:rotten_flesh":6,"minecraft:iron_chestplate":1,"duneons:tempestknifeblue":2,"minecraft:dirt":5,"iceandfire:copper_sword":16,"minecraft:carrot":1,"minecraft:wooden_axe":34,"minecraft:iron_boots":1,"minecraft:golden_carrot":4,"minecraft:furnace":5,"tombstone:gift":5,"minecraft:cooked_beef":4,"minecraft:oak_planks":4,"minecraft:stone_pickaxe":149,"minecraft:wooden_pickaxe":11,"minecraft:blue_bed":1,"duneons:claymoreblade":17,"minecraft:crafting_table":14,"minecraft:red_bed":2,"minecraft:white_bed":1,"duneons:spidereggtreetop":2,"minecraft:apple":4,"minecraft:bread":26,"duneons:woodbacketwater":1,"tombstone:grave_key":1,"minecraft:stone_axe":48,"minecraft:cobblestone":68,"minecraft:cooked_porkchop":14,"duneons:highlandberries":6,"minecraft:splash_potion":1},"minecraft:crafted":{"minecraft:golden_carrot":4,"minecraft:wooden_sword":1,"minecraft:oak_planks":148,"vanillaplustools:stone_hammer":2,"minecraft:furnace":1,"minecraft:stone_pickaxe":25,"minecraft:chest":1,"minecraft:wheat":126,"minecraft:cooked_beef":9,"sophisticatedbackpacks:backpack":1,"minecraft:cooked_porkchop":14,"minecraft:crafting_table":3,"minecraft:spruce_planks":112,"minecraft:wooden_pickaxe":2,"minecraft:stone_axe":4,"minecraft:bread":43,"minecraft:air":0,"minecraft:gold_nugget":36,"minecraft:shield":1,"minecraft:stick":88,"minecraft:wooden_axe":3,"minecraft:stone_sword":4,"minecraft:gold_ingot":4,"minecraft:torch":16},"minecraft:killed_by":{"iceandfire:cyclops":2,"minecraft:creeper":1,"minecraft:vindicator":2,"minecraft:witch":1,"duneons:wraith":1},"minecraft:killed":{"duneons:woolycow":1,"minecraft:cave_spider":1,"minecraft:vindicator":2,"minecraft:spider":3,"duneons:wraith":7,"duneons:babykeyblue":1,"minecraft:skeleton":3,"duneons:squallgolem":5,"duneons:frozenzombie":1,"minecraft:husk":1,"minecraft:pig":7,"minecraft:creeper":1,"duneons:mountaineer":38,"minecraft:pillager":1,"minecraft:zombie":7,"iceandfire:ghost":7,"iceandfire:ice_dragon":1,"minecraft:cow":5}},"DataVersion":3465}