{"stats":{"minecraft:used":{"iceandfire:lectern":2,"iceandfire:dragon_skull_ice":5,"minecraft:chest":17,"duneons:ravagergatewood_3":1,"minecraft:shield":53,"minecraft:rotten_flesh":6,"minecraft:iron_chestplate":1,"duneons:tempestknifeblue":243,"duneons:icetorch":14,"minecraft:carrot":1,"minecraft:obsidian":2,"minecraft:snowball":4,"minecraft:milk_bucket":1,"duneons:wagonblock":4,"minecraft:lava_bucket":1,"minecraft:dark_oak_boat":17,"minecraft:furnace":16,"minecraft:skeleton_skull":2,"minecraft:egg":1,"minecraft:oak_planks":4,"minecraft:stone_pickaxe":176,"duneons:miniredstonegolem":2,"minecraft:wooden_pickaxe":20,"minecraft:blue_bed":1,"duneons:stonehorse":2,"elevatorid:elevator_white":2,"iceandfire:armor_silver_metal_boots":1,"duneons:strengthenironpickaxe":297,"minecraft:blast_furnace":1,"duneons:shield_johan":2,"securitycraft:universal_block_remover":1,"iceandfire:silver_axe":5,"iceandfire:silver_pickaxe":419,"minecraft:bread":26,"tombstone:grave_key":1,"duneons:red_stone_golem_skull":3,"minecraft:oak_boat":3,"duneons:highlandberries":11,"minecraft:stone_sword":222,"minecraft:flint_and_steel":1,"duneons:saber":390,"duneons:greenswoed":215,"minecraft:spruce_planks":54,"vanillaplustools:stone_hammer":115,"minecraft:torch":41,"minecraft:dirt":35,"iceandfire:copper_sword":1,"duneons:crumsoncoresword":49,"duneons:goatgear_chestplate":1,"minecraft:dark_oak_planks":9,"minecraft:wooden_axe":33,"minecraft:iron_boots":1,"duneons:goatgear_helmet":1,"minecraft:golden_carrot":4,"tombstone:gift":7,"minecraft:cooked_beef":33,"minecraft:cobbled_deepslate":74,"minecraft:cooked_mutton":20,"minecraft:water_bucket":13,"tombstone:scroll_of_knowledge":2,"securitycraft:reinforced_cobblestone":1,"securitycraft:cobblestone_mine":1,"minecraft:crafting_table":30,"minecraft:red_bed":1,"minecraft:white_bed":6,"minecraft:smoker":1,"minecraft:apple":5,"duneons:woodbacketwater":1,"minecraft:iron_pickaxe":240,"minecraft:suspicious_stew":1,"iceandfire:graveyard_soil":13,"minecraft:stone_axe":157,"duneons:minecartgift":1,"minecraft:cobblestone":226,"minecraft:potion":1,"minecraft:white_banner":1,"minecraft:cooked_porkchop":62,"minecraft:bucket":16,"duneons:featherblue":2,"iceandfire:silver_shovel":245,"minecraft:splash_potion":1,"minecraft:jukebox":1},"minecraft:killed_by":{"iceandfire:cyclops":1,"minecraft:creeper":3,"iceandfire:dread_lich":2,"minecraft:vindicator":2},"minecraft:crafted":{"minecraft:oak_planks":100,"minecraft:dark_oak_boat":1,"iceandfire:silver_shovel":1,"iceandfire:lectern":2,"sophisticatedbackpacks:crafting_upgrade":1,"minecraft:cooked_mutton":38,"minecraft:glass":3,"minecraft:dark_oak_door":3,"minecraft:iron_boots":2,"minecraft:chest":15,"iceandfire:silver_axe":1,"minecraft:glass_bottle":3,"sophisticatedbackpacks:backpack":1,"minecraft:cooked_porkchop":71,"minecraft:crafting_table":8,"minecraft:spruce_planks":112,"minecraft:wooden_pickaxe":3,"sophisticatedbackpacks:upgrade_base":1,"minecraft:iron_chestplate":1,"minecraft:shield":1,"minecraft:stick":128,"minecraft:iron_ingot":55,"minecraft:iron_pickaxe":1,"minecraft:stone_sword":3,"minecraft:gold_ingot":40,"minecraft:shears":1,"tombstone:book_of_disenchantment":2,"minecraft:golden_carrot":4,"vanillaplustools:stone_hammer":2,"minecraft:furnace":8,"minecraft:flint_and_steel":1,"minecraft:stone_pickaxe":24,"iceandfire:dragon_bone_block":26,"minecraft:dark_oak_planks":576,"minecraft:wheat":126,"sophisticatedbackpacks:iron_backpack":1,"minecraft:cooked_beef":43,"paraglider:paraglider":2,"elevatorid:elevator_white":2,"iceandfire:silver_ingot":53,"sophisticatedbackpacks:gold_backpack":1,"minecraft:bucket":2,"securitycraft:cobblestone_mine":1,"minecraft:stone_axe":4,"minecraft:air":0,"minecraft:bread":43,"minecraft:oak_boat":1,"iceandfire:bestiary":1,"minecraft:gold_nugget":36,"minecraft:wooden_axe":2,"minecraft:iron_leggings":2,"minecraft:white_bed":1,"iceandfire:silver_pickaxe":2},"minecraft:dropped":{"minecraft:moss_block":1,"minecraft:cooked_beef":8,"minecraft:oak_log":1,"duneons:sanctumstonecutgilded":1,"minecraft:glass_bottle":1,"duneons:halberd":1,"minecraft:dark_oak_sapling":2,"duneons:claymoreblade":1,"duneons:snowbow":1,"minecraft:leather":1,"minecraft:cracked_stone_bricks":5,"duneons:paper_graph_02":1,"duneons:dirtbricker":1,"minecraft:red_carpet":4,"minecraft:dirt":10,"minecraft:dark_oak_log":1,"minecraft:mutton":2,"minecraft:snowball":6,"minecraft:gold_nugget":4,"minecraft:sand":1,"minecraft:iron_pickaxe":1,"duneons:andesitebreked":1,"minecraft:dark_oak_planks":8,"paraglider:paraglider":1,"minecraft:white_wool":1,"duneons:stonehorse":1,"duneons:ravager_gatewood":1,"minecraft:bone":11,"minecraft:stone_axe":2,"minecraft:cobbled_deepslate":337,"minecraft:wheat":8,"duneons:highlandgoldwood":1,"minecraft:rotten_flesh":31,"minecraft:carrot":6,"minecraft:gunpowder":2,"securitycraft:reinforced_cobbled_deepslate":27,"duneons:tempestknifeblue":1,"minecraft:arrow":7,"minecraft:stone_brick_stairs":1,"minecraft:netherrack":1,"minecraft:egg":2,"minecraft:iron_ingot":7,"minecraft:bread":21,"duneons:soullanternitem":1,"duneons:goatgear_chestplate":1,"minecraft:wheat_seeds":4,"duneons:powerfulbow":1,"minecraft:mossy_cobblestone":1,"duneons:soul_scythe":1,"minecraft:feather":4,"minecraft:cobblestone":7,"minecraft:prismarine_crystals":2,"duneons:ashblock":5,"minecraft:amethyst_block":5,"minecraft:granite":8,"minecraft:copper_ingot":1,"minecraft:stick":9,"minecraft:polished_andesite":13,"minecraft:golden_carrot":1,"duneons:vangardhat_chestplate":1,"duneons:smallbow":4,"tombstone:grave_key":2,"minecraft:wooden_axe":2,"duneons:ravagergateiron":1,"duneons:dungeonscharredcobblestone":5,"duneons:goatgear_helmet":1,"duneons:mountaineeraxeiron":5,"minecraft:string":5,"duneons:featherblue":1,"minecraft:spruce_sapling":1,"minecraft:redstone":3,"minecraft:smooth_basalt":9,"duneons:rapierred":3,"iceandfire:silver_nugget":4,"duneons:ravagergatewood_3":1,"minecraft:moss_carpet":2,"duneons:goldmace":2,"minecraft:stone_sword":3,"minecraft:cobblestone_wall":1,"minecraft:bowl":2,"duneons:keygold":1,"minecraft:sticky_piston":2,"minecraft:tuff":42,"minecraft:raw_iron":2,"duneons:magicwand":2,"minecraft:chicken":5,"duneons:outpostbricks":13,"duneons:highlandfern":14,"duneons:goldchain":11,"iceandfire:silver_ore":2,"iceandfire:dragon_skull_ice":6,"duneons:highlandgrasspath":5,"minecraft:suspicious_stew":1,"minecraft:filled_map":2,"securitycraft:universal_block_remover":1,"minecraft:spruce_planks":15,"duneons:rampartbrazier":1,"minecraft:oak_sapling":1,"minecraft:stone_bricks":1,"minecraft:spruce_log":2,"minecraft:stone_pickaxe":6,"minecraft:wooden_pickaxe":4,"minecraft:calcite":21},"minecraft:killed":{"duneons:woolycow":2,"duneons:mobspawner":2,"minecraft:spider":14,"duneons:wraith":12,"minecraft:skeleton":13,"minecraft:chicken":1,"duneons:redstonegolem":1,"duneons:vangruardskeleton":1,"minecraft:piglin":1,"minecraft:pig":35,"minecraft:creeper":4,"duneons:mountaineer":43,"minecraft:sheep":26,"minecraft:pillager":4,"iceandfire:dread_lich":2,"minecraft:zombie":53,"minecraft:stray":9,"iceandfire:dread_ghoul":6,"minecraft:cow":26,"mca:female_zombie_villager":1,"mca:male_zombie_villager":1,"minecraft:vindicator":2,"iceandfire:dread_beast":4,"iceandfire:dread_thrall":12,"duneons:squallgolem":9,"duneons:pigchest":4,"minecraft:drowned":6,"iceandfire:hippocampus":6,"duneons:frozenzombie":15,"minecraft:husk":3,"duneons:wickedwraith":1,"minecraft:polar_bear":1,"iceandfire:ghost":21,"iceandfire:ice_dragon":6,"minecraft:enderman":2},"minecraft:broken":{"duneons:strengthenironpickaxe":1,"minecraft:iron_boots":2,"minecraft:iron_chestplate":1,"minecraft:iron_leggings":1,"duneons:goatgear_helmet":2,"minecraft:stone_axe":2,"iceandfire:armor_silver_metal_boots":1,"duneons:goatgear_chestplate":2,"iceandfire:armor_silver_metal_leggings":2,"duneons:greenswoed":1},"minecraft:mined":{"minecraft:large_amethyst_bud":1,"minecraft:white_bed":5,"iceandfire:graveyard_soil":26,"duneons:ashblock":5,"duneons:highlandgoldwood":1,"duneons:charredstone":6,"minecraft:granite":4,"minecraft:budding_amethyst":1,"minecraft:grass_block":51,"duneons:sanctumstonecutgilded":1,"minecraft:spawner":17,"minecraft:tall_seagrass":1,"minecraft:mossy_cobblestone_stairs":1,"minecraft:iron_ore":26,"minecraft:sticky_piston":2,"minecraft:fire":4,"minecraft:enchanting_table":1,"minecraft:dirt_path":15,"minecraft:iron_bars":6,"minecraft:piston_head":4,"minecraft:quartz_block":4,"minecraft:red_bed":1,"minecraft:kelp_plant":2,"minecraft:smoker":1,"minecraft:amethyst_cluster":32,"iceandfire:dragon_ice_spikes":6,"minecraft:torch":1,"minecraft:blast_furnace":1,"minecraft:calcite":23,"iceandfire:ghost_chest":1,"minecraft:chest":3,"minecraft:nether_quartz_ore":10,"minecraft:cobblestone":15,"minecraft:amethyst_block":71,"minecraft:skeleton_skull":4,"duneons:ravagergatewood_3":1,"minecraft:jukebox":1,"minecraft:stone_brick_stairs":1,"minecraft:wither_rose":4,"minecraft:grass":35,"minecraft:oak_log":5,"minecraft:sand":92,"minecraft:dirt":66,"minecraft:smooth_basalt":9,"minecraft:netherrack":92,"minecraft:oak_leaves":6,"minecraft:deepslate":580,"minecraft:nether_gold_ore":39,"minecraft:tuff":32,"minecraft:red_carpet":2,"iceandfire:silver_ore":2,"duneons:ruingolem_3":2,"minecraft:mossy_cobblestone":2,"minecraft:dark_oak_leaves":2,"minecraft:deepslate_diamond_ore":4,"duneons:paper_graph_02":1,"minecraft:dark_oak_log":6,"minecraft:sea_lantern":1,"duneons:highlandtallgrass":39,"duneons:highlandgrass":1,"minecraft:spruce_leaves":2,"minecraft:kelp":2,"minecraft:large_fern":1,"minecraft:hay_block":14,"minecraft:furnace":11,"duneons:red_stone_golem_skull":1,"minecraft:snow":6,"minecraft:mossy_stone_brick_stairs":1,"minecraft:bookshelf":14,"minecraft:deepslate_iron_ore":29,"minecraft:vine":1,"minecraft:stone":604,"minecraft:white_wool":1,"duneons:andesitebreked":2,"minecraft:red_wool":1,"minecraft:soul_sand":17,"duneons:ruingolem":3,"minecraft:crafting_table":26,"duneons:doubleplanthighlandfern":1,"minecraft:lectern":1,"minecraft:copper_ore":1,"minecraft:tall_grass":3,"minecraft:lapis_ore":5,"minecraft:deepslate_gold_ore":19,"minecraft:blue_bed":1,"minecraft:spruce_stairs":1,"duneons:stonehorse":3,"duneons:dirtbricker":1,"minecraft:ice":39,"minecraft:white_carpet":1,"minecraft:spruce_log":14,"duneons:highlandfern":16,"minecraft:coal_ore":64,"minecraft:gravel":4,"minecraft:cracked_stone_bricks":7,"minecraft:polished_andesite":16,"minecraft:stone_bricks":16,"minecraft:mossy_stone_bricks":1,"minecraft:fern":1,"duneons:lavabrickblock":3},"minecraft:picked_up":{"minecraft:iron_chestplate":1,"minecraft:wheat":2,"minecraft:chainmail_boots":1,"iceandfire:copper_sword":1,"minecraft:suspicious_stew":2,"minecraft:wither_rose":4,"minecraft:potion":1,"minecraft:stone_brick_stairs":2,"tombstone:grave_key":2,"minecraft:amethyst_block":69,"minecraft:string":19,"duneons:coin":8,"duneons:ashblock":5,"minecraft:red_nether_bricks":1,"minecraft:sticky_piston":6,"minecraft:gold_nugget":160,"minecraft:cobbled_deepslate":673,"duneons:lavabrickblock":2,"minecraft:calcite":21,"duneons:iceoakwoodfence":2,"minecraft:iron_pickaxe":1,"duneons:smallbow":4,"minecraft:iron_boots":1,"duneons:sanctumstonecutgilded":1,"minecraft:furnace":13,"minecraft:tipped_arrow":3,"minecraft:stick":9,"iceandfire:ghost_chest":1,"minecraft:jukebox":1,"duneons:corruptedbeaconaold":2,"duneons:soullanternitem":2,"minecraft:torch":2,"iceandfire:dragonscales_white":24,"minecraft:spruce_stairs":1,"iceandfire:silver_ore":2,"minecraft:porkchop":77,"duneons:magicwand":2,"duneons:saber":1,"tombstone:grave_dust":19,"duneons:vines_helmet":1,"duneons:frostwalker_helmet":2,"minecraft:quartz_block":4,"minecraft:stone_sword":2,"minecraft:rotten_flesh":85,"securitycraft:reinforced_cobbled_deepslate":27,"duneons:soul_scythe":2,"duneons:goldmace":2,"minecraft:iron_bars":5,"minecraft:snowball":48,"minecraft:cobblestone":613,"minecraft:enchanting_table":1,"minecraft:feather":4,"minecraft:cooked_beef":8,"minecraft:dark_oak_boat":17,"minecraft:potato":51,"minecraft:smoker":1,"paraglider:spirit_orb":30,"minecraft:flint":1,"minecraft:tuff":42,"duneons:purplevangardpotion":2,"minecraft:lapis_lazuli":38,"minecraft:dirt":132,"duneons:golemruin":6,"duneons:wagonblock":4,"minecraft:bone":46,"minecraft:wheat_seeds":8,"minecraft:raw_gold":19,"duneons:claymoreblade":2,"minecraft:moss_block":1,"duneons:vangardhat_chestplate":1,"duneons:highlandgoldwood":1,"minecraft:mossy_stone_brick_stairs":1,"duneons:souihealer":2,"duneons:red_stone_golem_skull":3,"securitycraft:mine":3,"duneons:crimsonroots":2,"minecraft:cooked_porkchop":6,"iceandfire:dragonscales_sapphire":83,"iceandfire:shiny_scales":16,"minecraft:sand":57,"minecraft:dark_oak_log":231,"minecraft:mossy_cobblestone":3,"securitycraft:universal_block_remover":1,"minecraft:bundle":2,"minecraft:polished_andesite":15,"minecraft:diamond":4,"minecraft:granite":8,"duneons:ravagergatewood_3":1,"minecraft:chainmail_helmet":1,"minecraft:emerald":5,"minecraft:oak_sapling":1,"minecraft:netherrack":71,"iceandfire:silver_nugget":412,"duneons:highlandgrasspath":5,"duneons:highlandberries":4,"minecraft:crafting_table":27,"minecraft:chicken":5,"minecraft:wooden_pickaxe":1,"duneons:shield_johan":2,"minecraft:shield":1,"minecraft:red_bed":1,"minecraft:moss_carpet":2,"minecraft:white_carpet":1,"duneons:rapierred":3,"iceandfire:graveyard_soil":26,"minecraft:cracked_stone_bricks":6,"minecraft:beef":58,"iceandfire:dread_shard":20,"minecraft:oak_boat":4,"minecraft:iron_nugget":10,"minecraft:lectern":1,"minecraft:chest":4,"iceandfire:ice_dragon_heart":6,"minecraft:egg":6,"minecraft:dark_oak_sapling":2,"minecraft:raw_iron":56,"iceandfire:dragonbone":251,"securitycraft:reinforced_cobblestone":1,"minecraft:copper_ingot":2,"minecraft:bowl":1,"minecraft:carrot":8,"minecraft:redstone":6,"minecraft:prismarine_crystals":2,"iceandfire:dragon_skull_ice":21,"iceandfire:silver_ingot":4,"minecraft:arrow":31,"minecraft:nether_bricks":6,"iceandfire:dragonscales_silver":9,"minecraft:hay_block":14,"minecraft:gold_ingot":15,"minecraft:totem_of_undying":1,"duneons:halberd":1,"minecraft:mutton":40,"minecraft:skeleton_skull":4,"minecraft:white_wool":32,"duneons:stonehorse":3,"minecraft:golden_carrot":1,"minecraft:leather":32,"minecraft:oak_log":26,"duneons:dirtbricker":1,"iceandfire:ectoplasm":16,"minecraft:cobblestone_wall":1,"minecraft:gunpowder":10,"duneons:paper_graph_02":1,"minecraft:blue_bed":1,"minecraft:white_banner":1,"minecraft:cooked_mutton":12,"minecraft:red_carpet":5,"minecraft:apple":3,"minecraft:stone_bricks":17,"minecraft:kelp":8,"duneons:crumsoncoresword":2,"minecraft:iron_ingot":2,"duneons:tempestknifeblue":2,"minecraft:stone_pickaxe":1,"duneons:mountaineeraxeiron":5,"minecraft:soul_sand":19,"minecraft:book":42,"duneons:keydiamond":4,"minecraft:smooth_basalt":9,"duneons:dungeonscharredcobblestone":5,"minecraft:red_wool":1,"minecraft:quartz":10,"duneons:andesitebreked":1,"duneons:highlandfern":14,"minecraft:gravel":3,"minecraft:amethyst_shard":66,"minecraft:spruce_sapling":2,"minecraft:blast_furnace":1,"minecraft:white_bed":6,"minecraft:spruce_log":31,"minecraft:spider_eye":1,"minecraft:stone_axe":1,"duneons:featherblue":6,"duneons:minecartgift":1,"minecraft:mossy_cobblestone_stairs":1,"iceandfire:ice_dragon_flesh":11,"duneons:keygold":2,"tombstone:magic_scroll":4,"duneons:miniredstonegolem":2,"minecraft:coal":112,"minecraft:ender_pearl":2},"minecraft:custom":{"minecraft:interact_with_crafting_table":109,"minecraft:leave_game":27,"minecraft:time_since_death":26452,"minecraft:damage_resisted":6705,"minecraft:sprint_one_cm":1795732,"minecraft:damage_blocked_by_shield":1150,"minecraft:drop":352,"minecraft:play_time":719468,"minecraft:deaths":9,"minecraft:jump":10362,"minecraft:interact_with_brewingstand":2,"minecraft:walk_on_water_one_cm":75061,"minecraft:interact_with_furnace":104,"minecraft:sleep_in_bed":38,"minecraft:waystone_activated":3,"minecraft:damage_dealt":90208,"minecraft:crouch_one_cm":24474,"tombstone:undead_killed":132,"minecraft:interact_with_smoker":5,"minecraft:mob_kills":368,"minecraft:climb_one_cm":4910,"minecraft:walk_one_cm":1713727,"minecraft:damage_dealt_absorbed":34,"minecraft:sneak_time":9264,"minecraft:walk_under_water_one_cm":112824,"minecraft:boat_one_cm":433446,"minecraft:interact_with_lectern":2,"minecraft:interact_with_blast_furnace":9,"minecraft:total_world_time":719468,"tombstone:raider_killed":6,"minecraft:time_since_rest":25950,"minecraft:damage_taken":12265,"minecraft:trigger_trapped_chest":2,"minecraft:swim_one_cm":174044,"minecraft:fly_one_cm":2198139,"minecraft:open_chest":430,"minecraft:fall_one_cm":249459}},"DataVersion":3465}