{"stats":{"minecraft:killed_by":{"iceandfire:cyclops":1,"minecraft:creeper":1,"minecraft:vindicator":2},"minecraft:custom":{"minecraft:mob_kills":88,"minecraft:interact_with_crafting_table":42,"minecraft:leave_game":11,"minecraft:time_since_death":9708,"minecraft:climb_one_cm":2629,"minecraft:damage_resisted":6,"minecraft:sprint_one_cm":444863,"minecraft:walk_one_cm":444241,"minecraft:drop":94,"minecraft:play_time":160581,"minecraft:deaths":4,"minecraft:sneak_time":2541,"minecraft:walk_under_water_one_cm":5901,"minecraft:jump":2490,"minecraft:interact_with_brewingstand":2,"minecraft:interact_with_blast_furnace":2,"minecraft:walk_on_water_one_cm":8239,"minecraft:total_world_time":160581,"minecraft:interact_with_furnace":17,"tombstone:raider_killed":3,"minecraft:sleep_in_bed":9,"minecraft:time_since_rest":8792,"minecraft:waystone_activated":3,"minecraft:damage_taken":3413,"minecraft:damage_dealt":23935,"minecraft:swim_one_cm":18179,"minecraft:fly_one_cm":518829,"minecraft:open_chest":20,"minecraft:crouch_one_cm":5580,"tombstone:undead_killed":10,"minecraft:interact_with_smoker":2,"minecraft:fall_one_cm":61536},"minecraft:broken":{"duneons:greenswoed":1,"minecraft:stone_axe":1},"minecraft:mined":{"minecraft:red_carpet":1,"minecraft:white_bed":1,"iceandfire:silver_ore":2,"duneons:highlandgoldwood":1,"minecraft:grass_block":13,"duneons:highlandtallgrass":29,"duneons:highlandgrass":1,"duneons:sanctumstonecutgilded":1,"minecraft:spawner":3,"minecraft:hay_block":14,"minecraft:furnace":5,"minecraft:sticky_piston":2,"minecraft:iron_bars":2,"minecraft:stone":230,"duneons:andesitebreked":2,"minecraft:red_bed":1,"minecraft:crafting_table":12,"duneons:doubleplanthighlandfern":1,"minecraft:blue_bed":1,"duneons:stonehorse":2,"duneons:dirtbricker":1,"duneons:ravagergatewood_3":1,"minecraft:white_carpet":1,"minecraft:spruce_log":14,"duneons:highlandfern":8,"minecraft:grass":15,"minecraft:oak_log":5,"minecraft:coal_ore":15,"minecraft:dirt":6,"minecraft:polished_andesite":3,"minecraft:oak_leaves":4,"duneons:lavabrickblock":3},"minecraft:killed":{"duneons:woolycow":1,"minecraft:spider":3,"minecraft:vindicator":2,"duneons:wraith":7,"minecraft:skeleton":2,"duneons:squallgolem":5,"duneons:frozenzombie":1,"minecraft:husk":1,"minecraft:pig":7,"minecraft:creeper":1,"duneons:mountaineer":38,"minecraft:pillager":1,"minecraft:zombie":7,"minecraft:cow":5},"minecraft:dropped":{"minecraft:bread":21,"minecraft:wheat_seeds":4,"duneons:goatgear_chestplate":1,"duneons:powerfulbow":1,"minecraft:cooked_beef":5,"minecraft:oak_log":1,"duneons:sanctumstonecutgilded":1,"minecraft:dark_oak_sapling":1,"duneons:claymoreblade":1,"minecraft:leather":1,"duneons:dirtbricker":1,"minecraft:red_carpet":4,"minecraft:polished_andesite":2,"minecraft:stick":3,"minecraft:dirt":2,"minecraft:dark_oak_log":1,"tombstone:grave_key":1,"minecraft:wooden_axe":2,"duneons:ravagergateiron":1,"minecraft:snowball":1,"duneons:goatgear_helmet":1,"minecraft:gold_nugget":4,"duneons:mountaineeraxeiron":3,"duneons:andesitebreked":1,"minecraft:string":2,"duneons:stonehorse":1,"duneons:ravager_gatewood":1,"minecraft:bone":3,"duneons:rapierred":1,"duneons:ravagergatewood_3":1,"minecraft:cobblestone_wall":1,"minecraft:stone_sword":1,"duneons:keygold":1,"minecraft:sticky_piston":2,"duneons:highlandgoldwood":1,"minecraft:rotten_flesh":6,"duneons:outpostbricks":13,"duneons:highlandfern":13,"duneons:goldchain":11,"iceandfire:silver_ore":2,"minecraft:carrot":6,"duneons:highlandgrasspath":5,"minecraft:gunpowder":1,"duneons:tempestknifeblue":1,"minecraft:oak_sapling":1,"duneons:rampartbrazier":1,"minecraft:wooden_pickaxe":2,"minecraft:stone_pickaxe":3},"minecraft:used":{"minecraft:stone_sword":171,"duneons:ravagergatewood_3":1,"duneons:greenswoed":215,"minecraft:spruce_planks":2,"vanillaplustools:stone_hammer":21,"minecraft:rotten_flesh":6,"minecraft:iron_chestplate":1,"minecraft:carrot":1,"minecraft:wooden_axe":33,"minecraft:iron_boots":1,"minecraft:golden_carrot":3,"minecraft:furnace":5,"tombstone:gift":5,"minecraft:cooked_beef":2,"minecraft:oak_planks":4,"minecraft:stone_pickaxe":139,"minecraft:wooden_pickaxe":11,"minecraft:blue_bed":1,"minecraft:crafting_table":13,"minecraft:white_bed":1,"minecraft:apple":4,"minecraft:bread":20,"duneons:woodbacketwater":1,"tombstone:grave_key":1,"minecraft:stone_axe":48,"minecraft:cobblestone":57,"minecraft:cooked_porkchop":14,"duneons:highlandberries":1,"minecraft:splash_potion":1},"minecraft:picked_up":{"duneons:highlandgrasspath":5,"minecraft:crafting_table":12,"tombstone:grave_key":1,"minecraft:string":8,"minecraft:red_bed":1,"minecraft:sticky_piston":2,"minecraft:white_carpet":1,"duneons:rapierred":1,"minecraft:beef":12,"duneons:lavabrickblock":2,"minecraft:furnace":5,"duneons:sanctumstonecutgilded":1,"minecraft:dark_oak_sapling":1,"minecraft:stick":5,"iceandfire:dragonbone":4,"iceandfire:silver_ore":2,"minecraft:porkchop":14,"tombstone:grave_dust":1,"duneons:vines_helmet":1,"iceandfire:dragon_skull_ice":1,"minecraft:arrow":3,"minecraft:rotten_flesh":15,"minecraft:hay_block":14,"minecraft:totem_of_undying":1,"minecraft:iron_bars":1,"minecraft:snowball":1,"minecraft:cobblestone":229,"duneons:stonehorse":2,"minecraft:leather":6,"paraglider:spirit_orb":4,"minecraft:oak_log":26,"duneons:dirtbricker":1,"minecraft:cobblestone_wall":1,"minecraft:gunpowder":1,"minecraft:dirt":20,"minecraft:blue_bed":1,"minecraft:red_carpet":4,"minecraft:bone":3,"minecraft:wheat_seeds":4,"duneons:tempestknifeblue":2,"minecraft:iron_ingot":2,"duneons:claymoreblade":2,"duneons:mountaineeraxeiron":4,"duneons:highlandgoldwood":1,"duneons:andesitebreked":1,"duneons:highlandfern":13,"minecraft:white_bed":2,"minecraft:spruce_log":28,"minecraft:dark_oak_log":183,"minecraft:polished_andesite":2,"duneons:ravagergatewood_3":1,"minecraft:emerald":5,"duneons:keygold":1,"minecraft:oak_sapling":1,"minecraft:coal":33},"minecraft:crafted":{"minecraft:golden_carrot":4,"minecraft:oak_planks":100,"vanillaplustools:stone_hammer":2,"minecraft:furnace":1,"minecraft:stone_pickaxe":24,"minecraft:chest":1,"minecraft:wheat":126,"minecraft:cooked_beef":9,"sophisticatedbackpacks:backpack":1,"minecraft:cooked_porkchop":14,"minecraft:crafting_table":2,"minecraft:spruce_planks":112,"minecraft:wooden_pickaxe":2,"minecraft:stone_axe":3,"minecraft:bread":43,"minecraft:air":0,"minecraft:gold_nugget":36,"minecraft:shield":1,"minecraft:stick":80,"minecraft:wooden_axe":2,"minecraft:stone_sword":3,"minecraft:gold_ingot":4}},"DataVersion":3465}