{"stats":{"minecraft:killed_by":{"iceandfire:cyclops":1,"minecraft:creeper":1,"minecraft:vindicator":2},"minecraft:custom":{"minecraft:mob_kills":143,"minecraft:interact_with_crafting_table":68,"minecraft:leave_game":13,"minecraft:time_since_death":1792,"minecraft:climb_one_cm":2629,"minecraft:damage_resisted":1791,"minecraft:sprint_one_cm":675305,"minecraft:walk_one_cm":630482,"minecraft:damage_blocked_by_shield":310,"minecraft:drop":148,"minecraft:damage_dealt_absorbed":34,"minecraft:play_time":262036,"minecraft:deaths":5,"minecraft:sneak_time":3369,"minecraft:walk_under_water_one_cm":47711,"minecraft:boat_one_cm":33300,"minecraft:interact_with_brewingstand":2,"minecraft:jump":4241,"minecraft:interact_with_blast_furnace":2,"minecraft:walk_on_water_one_cm":20773,"minecraft:total_world_time":262036,"minecraft:interact_with_furnace":39,"tombstone:raider_killed":3,"minecraft:sleep_in_bed":17,"minecraft:time_since_rest":1,"minecraft:waystone_activated":3,"minecraft:damage_taken":5335,"minecraft:damage_dealt":42744,"minecraft:swim_one_cm":86379,"minecraft:fly_one_cm":898880,"minecraft:open_chest":82,"minecraft:crouch_one_cm":6716,"tombstone:undead_killed":30,"minecraft:interact_with_smoker":2,"minecraft:fall_one_cm":114902},"minecraft:broken":{"duneons:greenswoed":1,"duneons:goatgear_helmet":1,"minecraft:stone_axe":1},"minecraft:mined":{"minecraft:red_carpet":1,"minecraft:white_bed":2,"iceandfire:silver_ore":2,"duneons:highlandgoldwood":1,"duneons:charredstone":1,"minecraft:grass_block":14,"duneons:highlandtallgrass":29,"duneons:highlandgrass":1,"duneons:sanctumstonecutgilded":1,"minecraft:spawner":3,"minecraft:hay_block":14,"minecraft:furnace":10,"minecraft:sticky_piston":2,"minecraft:snow":1,"minecraft:iron_bars":2,"minecraft:stone":274,"duneons:andesitebreked":2,"minecraft:red_bed":1,"iceandfire:dragon_ice_spikes":6,"minecraft:crafting_table":20,"duneons:doubleplanthighlandfern":1,"minecraft:cobblestone":1,"minecraft:blue_bed":1,"duneons:stonehorse":2,"duneons:dirtbricker":1,"minecraft:ice":3,"duneons:ravagergatewood_3":1,"minecraft:white_carpet":1,"minecraft:spruce_log":14,"duneons:highlandfern":8,"minecraft:grass":16,"minecraft:oak_log":5,"minecraft:coal_ore":15,"minecraft:sand":89,"minecraft:dirt":9,"minecraft:polished_andesite":3,"minecraft:oak_leaves":4,"duneons:lavabrickblock":3},"minecraft:killed":{"duneons:woolycow":1,"minecraft:spider":7,"minecraft:vindicator":2,"duneons:wraith":7,"minecraft:skeleton":3,"duneons:squallgolem":5,"minecraft:drowned":6,"iceandfire:hippocampus":6,"duneons:frozenzombie":3,"minecraft:husk":1,"minecraft:pig":10,"minecraft:creeper":2,"duneons:mountaineer":38,"minecraft:polar_bear":1,"minecraft:sheep":7,"minecraft:pillager":1,"minecraft:zombie":17,"minecraft:stray":3,"iceandfire:ice_dragon":4,"minecraft:cow":12},"minecraft:dropped":{"minecraft:bread":21,"duneons:goatgear_chestplate":1,"minecraft:wheat_seeds":4,"duneons:powerfulbow":1,"minecraft:cooked_beef":5,"minecraft:oak_log":1,"duneons:sanctumstonecutgilded":1,"minecraft:dark_oak_sapling":2,"minecraft:cobblestone":3,"duneons:claymoreblade":1,"minecraft:leather":1,"minecraft:copper_ingot":1,"duneons:dirtbricker":1,"minecraft:red_carpet":4,"minecraft:stick":3,"minecraft:polished_andesite":2,"minecraft:dirt":9,"minecraft:dark_oak_log":1,"minecraft:golden_carrot":1,"tombstone:grave_key":1,"minecraft:wooden_axe":2,"duneons:ravagergateiron":1,"minecraft:snowball":6,"duneons:dungeonscharredcobblestone":1,"duneons:goatgear_helmet":1,"minecraft:gold_nugget":4,"duneons:mountaineeraxeiron":5,"minecraft:sand":1,"duneons:andesitebreked":1,"minecraft:string":4,"duneons:stonehorse":1,"duneons:ravager_gatewood":1,"minecraft:bone":3,"iceandfire:silver_nugget":2,"duneons:rapierred":1,"duneons:ravagergatewood_3":1,"minecraft:stone_axe":2,"minecraft:stone_sword":3,"minecraft:cobblestone_wall":1,"duneons:keygold":1,"minecraft:sticky_piston":2,"minecraft:wheat":8,"duneons:highlandgoldwood":1,"minecraft:rotten_flesh":17,"duneons:outpostbricks":13,"duneons:highlandfern":13,"duneons:goldchain":11,"iceandfire:silver_ore":2,"iceandfire:dragon_skull_ice":6,"minecraft:carrot":6,"duneons:highlandgrasspath":5,"minecraft:filled_map":2,"minecraft:gunpowder":2,"minecraft:spruce_planks":15,"minecraft:oak_sapling":1,"duneons:rampartbrazier":1,"duneons:tempestknifeblue":1,"minecraft:wooden_pickaxe":2,"minecraft:stone_pickaxe":6,"minecraft:egg":2},"minecraft:used":{"minecraft:stone_sword":217,"iceandfire:dragon_skull_ice":4,"duneons:ravagergatewood_3":1,"minecraft:chest":1,"duneons:greenswoed":215,"minecraft:spruce_planks":15,"minecraft:shield":18,"vanillaplustools:stone_hammer":25,"minecraft:rotten_flesh":6,"minecraft:iron_chestplate":1,"duneons:tempestknifeblue":177,"minecraft:dirt":15,"minecraft:carrot":1,"duneons:goatgear_chestplate":1,"minecraft:wooden_axe":33,"minecraft:iron_boots":1,"duneons:goatgear_helmet":1,"minecraft:golden_carrot":4,"minecraft:furnace":10,"tombstone:gift":5,"minecraft:cooked_beef":13,"minecraft:oak_planks":4,"minecraft:stone_pickaxe":166,"minecraft:wooden_pickaxe":11,"minecraft:blue_bed":1,"iceandfire:armor_silver_metal_boots":1,"duneons:strengthenironpickaxe":29,"minecraft:crafting_table":22,"minecraft:red_bed":1,"minecraft:white_bed":3,"minecraft:apple":5,"minecraft:bread":26,"duneons:woodbacketwater":1,"tombstone:grave_key":1,"minecraft:stone_axe":73,"minecraft:cobblestone":108,"minecraft:cooked_porkchop":14,"minecraft:oak_boat":1,"iceandfire:silver_shovel":89,"duneons:highlandberries":11,"minecraft:splash_potion":1,"iceandfire:lectern":1},"minecraft:picked_up":{"duneons:highlandgrasspath":5,"minecraft:iron_chestplate":1,"minecraft:crafting_table":21,"tombstone:grave_key":1,"minecraft:string":9,"minecraft:red_bed":1,"minecraft:sticky_piston":2,"minecraft:white_carpet":1,"duneons:rapierred":1,"minecraft:beef":26,"minecraft:oak_boat":1,"duneons:lavabrickblock":2,"minecraft:egg":2,"minecraft:furnace":10,"iceandfire:ice_dragon_heart":4,"duneons:sanctumstonecutgilded":1,"minecraft:dark_oak_sapling":2,"minecraft:stick":5,"iceandfire:dragonbone":160,"minecraft:copper_ingot":1,"iceandfire:dragonscales_white":11,"iceandfire:silver_ore":2,"minecraft:porkchop":20,"tombstone:grave_dust":3,"duneons:vines_helmet":1,"iceandfire:dragon_skull_ice":15,"minecraft:stone_sword":2,"minecraft:arrow":7,"minecraft:rotten_flesh":26,"iceandfire:dragonscales_silver":9,"minecraft:hay_block":14,"minecraft:totem_of_undying":1,"minecraft:mutton":12,"minecraft:white_wool":7,"minecraft:iron_bars":1,"minecraft:snowball":6,"minecraft:cobblestone":276,"duneons:stonehorse":2,"minecraft:cooked_beef":6,"minecraft:golden_carrot":1,"minecraft:leather":13,"paraglider:spirit_orb":4,"minecraft:oak_log":26,"duneons:dirtbricker":1,"minecraft:cobblestone_wall":1,"minecraft:gunpowder":2,"minecraft:dirt":24,"minecraft:blue_bed":1,"minecraft:bone":7,"minecraft:red_carpet":4,"minecraft:wheat_seeds":4,"duneons:tempestknifeblue":2,"minecraft:iron_ingot":2,"duneons:claymoreblade":2,"minecraft:stone_pickaxe":1,"duneons:mountaineeraxeiron":5,"duneons:highlandgoldwood":1,"minecraft:cooked_porkchop":6,"duneons:dungeonscharredcobblestone":1,"iceandfire:dragonscales_sapphire":49,"duneons:andesitebreked":1,"duneons:highlandfern":13,"iceandfire:shiny_scales":16,"minecraft:sand":53,"minecraft:white_bed":3,"minecraft:spruce_log":28,"minecraft:dark_oak_log":225,"minecraft:polished_andesite":2,"minecraft:stone_axe":1,"duneons:ravagergatewood_3":1,"iceandfire:ice_dragon_flesh":8,"minecraft:emerald":5,"duneons:keygold":1,"minecraft:oak_sapling":1,"iceandfire:silver_nugget":130,"minecraft:coal":55},"minecraft:crafted":{"minecraft:golden_carrot":4,"minecraft:oak_planks":100,"vanillaplustools:stone_hammer":2,"iceandfire:silver_shovel":1,"minecraft:furnace":3,"iceandfire:lectern":1,"minecraft:cooked_mutton":12,"minecraft:glass":3,"minecraft:stone_pickaxe":24,"minecraft:chest":2,"iceandfire:dragon_bone_block":17,"sophisticatedbackpacks:iron_backpack":1,"minecraft:wheat":126,"minecraft:cooked_beef":20,"paraglider:paraglider":1,"minecraft:glass_bottle":3,"iceandfire:silver_ingot":19,"sophisticatedbackpacks:backpack":1,"minecraft:cooked_porkchop":14,"minecraft:crafting_table":3,"minecraft:spruce_planks":112,"minecraft:wooden_pickaxe":2,"minecraft:stone_axe":3,"minecraft:bread":43,"minecraft:air":0,"minecraft:oak_boat":1,"iceandfire:bestiary":1,"minecraft:gold_nugget":36,"minecraft:shield":1,"minecraft:stick":80,"minecraft:wooden_axe":2,"minecraft:stone_sword":3,"minecraft:gold_ingot":4,"minecraft:white_bed":1}},"DataVersion":3465}