{"stats":{"minecraft:dropped":{"duneons:burstgale":4,"minecraft:iron_pickaxe":1,"minecraft:bone":7,"minecraft:stone_axe":11,"minecraft:rotten_flesh":4,"minecraft:white_bed":2,"minecraft:carrot":39,"minecraft:egg":2,"duneons:powerfulbow":2,"minecraft:cobblestone":49,"minecraft:copper_ingot":1,"minecraft:stick":70,"minecraft:wooden_axe":1,"duneons:leaveswindswept":1,"securitycraft:mine":3,"duneons:keygold":5,"duneons:oakwoodbrew":1,"duneons:goldchain":66,"iceandfire:silver_ore":2,"minecraft:filled_map":1,"minecraft:stone":1,"minecraft:raw_gold":4},"minecraft:killed_by":{"minecraft:zombie":1,"duneons:wraith":1,"minecraft:skeleton":1},"minecraft:broken":{"duneons:poleaxe":1,"duneons:skeletonspear":1,"minecraft:stone_axe":1,"vanillaplustools:stone_hammer":1},"minecraft:used":{"duneons:sanctumstonepatternedgilded":1,"minecraft:ladder":6,"duneons:ravagergatewood_3":2,"minecraft:chest":17,"minecraft:shield":47,"minecraft:stone":4,"minecraft:iron_sword":119,"duneons:ravager_gatewood":1,"minecraft:mutton":8,"minecraft:carrot":60,"duneons:redstoneheadcrafting":1,"minecraft:spruce_boat":3,"minecraft:green_wool":2,"duneons:rampartbrazier":1,"duneons:dangerwoodsign":1,"minecraft:stone_bricks":1,"minecraft:furnace":11,"minecraft:egg":2,"duneons:charredgrassblock":1,"minecraft:stone_pickaxe":39,"minecraft:oak_planks":29,"minecraft:wooden_pickaxe":10,"duneons:stonehorse":1,"minecraft:white_wool":1,"minecraft:golden_apple":1,"duneons:strengthenironpickaxe":182,"iceandfire:silver_axe":1,"sophisticatedbackpacks:backpack":3,"minecraft:bread":23,"minecraft:gravel":1,"minecraft:fire_charge":1,"duneons:poleaxe":104,"minecraft:golden_pickaxe":3,"duneons:highlandberries":67,"minecraft:cobweb":7,"sophisticatedbackpacks:iron_backpack":5,"minecraft:iron_bars":1,"duneons:highlandstone":2,"iceandfire:armor_copper_metal_leggings":1,"duneons:greenswoed":150,"vanillaplustools:stone_hammer":258,"minecraft:netherrack":2,"minecraft:torch":129,"minecraft:dirt":132,"duneons:goatgear_chestplate":1,"minecraft:wooden_axe":3,"iceandfire:copper_axe":1,"duneons:books":1,"duneons:ravagergateiron":1,"minecraft:light_gray_wool":1,"duneons:golemruin":1,"tombstone:gift":6,"minecraft:enchanted_golden_apple":1,"minecraft:iron_leggings":1,"duneons:leaveswindswept":1,"minecraft:cooked_mutton":5,"minecraft:water_bucket":16,"minecraft:polished_andesite":1,"duneons:coarsedirt_2":1,"duneons:obsidianminiredstonemonstrosity":1,"minecraft:crafting_table":14,"vanillaplustools:stone_shovel":113,"minecraft:white_bed":7,"minecraft:oak_log":4,"minecraft:apple":1,"duneons:woodbacketwater":1,"minecraft:iron_pickaxe":171,"minecraft:stone_axe":200,"minecraft:green_carpet":2,"duneons:minecartgift":2,"minecraft:fishing_rod":8,"minecraft:cobblestone":1577,"duneons:skeletonspear":102,"minecraft:cooked_porkchop":2,"minecraft:porkchop":6,"minecraft:bucket":17,"duneons:highlandfern":3},"minecraft:killed":{"duneons:woolycow":2,"duneons:redstonecube":11,"minecraft:spider":1,"duneons:wraith":3,"minecraft:skeleton":2,"duneons:monstrosity":1,"minecraft:chicken":1,"duneons:keygolem":1,"minecraft:pig":4,"duneons:mountaineer":26,"minecraft:sheep":9,"minecraft:zombie":7,"minecraft:cow":2,"minecraft:horse":2,"minecraft:drowned":6,"minecraft:husk":1,"duneons:tempestgolemsleep":1,"iceandfire:ghost":2},"minecraft:picked_up":{"minecraft:redstone_block":8,"duneons:sanctumstonecuttop":1,"minecraft:enchanted_book":1,"duneons:oakwoodbrew":1,"iceandfire:manuscript":8,"duneons:coin":66,"minecraft:string":7,"minecraft:raw_copper":71,"duneons:goatgear_helmet":1,"duneons:redstoneheadcrafting":2,"minecraft:iron_pickaxe":1,"minecraft:iron_boots":1,"minecraft:furnace":6,"minecraft:stick":84,"duneons:dangerwoodsign":1,"iceandfire:ghost_chest":1,"duneons:cold_nightarmor_chestplate":1,"minecraft:torch":9,"iceandfire:silver_ore":9,"minecraft:porkchop":8,"tombstone:grave_dust":4,"minecraft:rotten_flesh":12,"minecraft:iron_block":1,"minecraft:green_wool":2,"minecraft:cod":3,"minecraft:iron_bars":1,"minecraft:cobblestone":2193,"paraglider:paraglider":1,"minecraft:birch_log":7,"minecraft:lilac":21,"minecraft:feather":2,"minecraft:andesite":2,"duneons:miniredstonemonstrosity":1,"duneons:burstgale":5,"paraglider:spirit_orb":2,"minecraft:flint":1,"duneons:outposttent":1,"duneons:scattermines":1,"duneons:golemruin":1,"minecraft:dirt":357,"duneons:obsidianminiredstonemonstrosity":1,"minecraft:bone":17,"duneons:mossendirt":3,"minecraft:wheat_seeds":9,"duneons:iceshoom":1,"duneons:woodbacketwater":2,"minecraft:oak_planks":24,"duneons:cold_nightarmor_helmet":1,"iceandfire:copper_axe":1,"minecraft:oak_pressure_plate":1,"minecraft:sand":382,"sophisticatedbackpacks:iron_backpack":1,"minecraft:bundle":1,"minecraft:polished_andesite":1,"duneons:ravager_gatewood":1,"minecraft:spruce_boat":3,"duneons:ravagergatewood_3":2,"duneons:highlandstone":2,"minecraft:emerald":2,"minecraft:oak_sapling":1,"minecraft:netherrack":2,"minecraft:fishing_rod":1,"minecraft:crafting_table":11,"minecraft:chicken":1,"minecraft:ladder":6,"duneons:sanctumstone":1,"duneons:goldchain":66,"duneons:windhole":2,"minecraft:beef":3,"minecraft:poppy":2,"minecraft:light_gray_wool":1,"minecraft:chest":9,"minecraft:egg":4,"duneons:cold_nightarmor_boots":1,"minecraft:raw_iron":20,"iceandfire:dragonbone":14,"minecraft:stone":1,"minecraft:copper_ingot":61,"minecraft:trident":1,"minecraft:carrot":45,"minecraft:redstone":2,"duneons:burningpotion":1,"iceandfire:dragon_skull_ice":2,"minecraft:arrow":4,"minecraft:stone_shovel":1,"minecraft:mutton":16,"minecraft:skeleton_skull":3,"minecraft:white_wool":9,"duneons:barricade":6,"duneons:stonehorse":1,"duneons:dungeonscharreddirt":4,"minecraft:clock":1,"minecraft:salmon":1,"minecraft:leather":4,"duneons:redbow":1,"minecraft:filled_map":1,"minecraft:oak_log":52,"tombstone:gift":1,"duneons:charredgrassblock":2,"minecraft:apple":1,"minecraft:stone_bricks":1,"minecraft:kelp":15,"minecraft:iron_ingot":8,"minecraft:cobweb":14,"duneons:mountaineeraxeiron":2,"duneons:dungeonscharredcobblestone":1,"duneons:coarsedirt_2":1,"duneons:rampartbrazier":2,"minecraft:dandelion":1,"duneons:andesitebreked":1,"minecraft:gravel":4,"duneons:highlandfern":3,"duneons:powerfulbow":2,"minecraft:white_bed":7,"minecraft:spruce_log":4,"duneons:leaveswindswept":1,"minecraft:green_carpet":2,"minecraft:stone_axe":21,"duneons:minecartgift":3,"duneons:keygold":4,"tombstone:magic_scroll":1,"minecraft:coal":87},"minecraft:crafted":{"minecraft:oak_planks":192,"securitycraft:mine":6,"minecraft:stone":64,"minecraft:cooked_mutton":5,"iceandfire:copper_axe":1,"sophisticatedbackpacks:copper_backpack":1,"minecraft:chest":9,"vanillaplustools:stone_shovel":2,"iceandfire:silver_axe":1,"sophisticatedbackpacks:backpack":2,"minecraft:cooked_porkchop":2,"minecraft:crafting_table":6,"minecraft:spruce_planks":16,"minecraft:wooden_pickaxe":1,"minecraft:copper_ingot":12,"minecraft:birch_planks":28,"minecraft:yellow_dye":1,"minecraft:shield":1,"minecraft:stick":156,"minecraft:iron_ingot":19,"minecraft:iron_pickaxe":1,"minecraft:stone_shovel":19,"vanillaplustools:stone_hammer":2,"minecraft:furnace":6,"iceandfire:armor_copper_metal_leggings":1,"minecraft:ladder":6,"minecraft:stone_pickaxe":19,"minecraft:spruce_boat":1,"sophisticatedbackpacks:iron_backpack":1,"iceandfire:silver_ingot":5,"minecraft:iron_sword":1,"minecraft:bucket":1,"minecraft:stone_axe":12,"minecraft:air":0,"securitycraft:dirt_mine":1,"minecraft:wooden_axe":2,"minecraft:iron_leggings":1,"minecraft:white_bed":2,"minecraft:torch":132},"minecraft:mined":{"minecraft:white_bed":6,"duneons:barricade":6,"duneons:charredstone":2,"duneons:rampartbrazier":1,"minecraft:grass_block":141,"sophisticatedbackpacks:iron_backpack":1,"minecraft:oak_pressure_plate":1,"duneons:charredgrassblock":3,"minecraft:iron_ore":21,"duneons:woodbacketwater":2,"minecraft:iron_bars":1,"duneons:iceshoom":1,"minecraft:cut_sandstone":7,"minecraft:kelp_plant":5,"duneons:dangerwoodsign":1,"duneons:redstoneheadcrafting":1,"minecraft:torch":9,"minecraft:poppy":2,"iceandfire:ghost_chest":1,"minecraft:chest":9,"duneons:outposttent":1,"minecraft:cobblestone":83,"duneons:azure_crystal":2,"minecraft:skeleton_skull":1,"minecraft:light_blue_terracotta":1,"minecraft:birch_log":6,"duneons:ravagergatewood_3":2,"minecraft:lilac":21,"minecraft:grass":119,"duneons:sanctumstonecuttop":1,"minecraft:oak_log":50,"duneons:sanctumstone":2,"minecraft:sand":385,"minecraft:dirt":245,"duneons:dungeonscharreddirt":4,"minecraft:netherrack":2,"minecraft:oak_leaves":13,"duneons:tombstone":1,"iceandfire:silver_ore":5,"duneons:ruingolem_4":1,"minecraft:ladder":6,"duneons:highlandstone":2,"duneons:highlandtallgrass":13,"minecraft:kelp":4,"minecraft:sandstone":1,"minecraft:furnace":6,"duneons:redstonecrystal_3":1,"minecraft:andesite":5,"duneons:shieldmobspawner":1,"minecraft:vine":1,"duneons:mossendirt":3,"duneons:ravager_gatewood":1,"minecraft:stone":2061,"minecraft:green_wool":2,"duneons:andesitebreked":2,"minecraft:redstone_block":8,"duneons:coins":4,"minecraft:crafting_table":11,"duneons:coarsedirt_2":1,"minecraft:tall_grass":4,"minecraft:copper_ore":20,"minecraft:spruce_log":4,"minecraft:birch_leaves":1,"duneons:highlandfern":9,"minecraft:coal_ore":72,"minecraft:gravel":7,"minecraft:cobweb":7,"minecraft:polished_andesite":3,"minecraft:stone_bricks":1},"minecraft:custom":{"minecraft:interact_with_crafting_table":76,"minecraft:leave_game":17,"minecraft:time_since_death":63569,"minecraft:damage_resisted":876,"minecraft:sprint_one_cm":1419463,"minecraft:damage_blocked_by_shield":840,"minecraft:drop":52,"minecraft:play_time":461349,"minecraft:deaths":7,"minecraft:jump":6431,"minecraft:walk_on_water_one_cm":78144,"minecraft:interact_with_furnace":47,"minecraft:sleep_in_bed":30,"minecraft:damage_dealt":21089,"minecraft:crouch_one_cm":81426,"tombstone:undead_killed":18,"minecraft:horse_one_cm":801,"minecraft:mob_kills":83,"minecraft:climb_one_cm":2596,"minecraft:walk_one_cm":382891,"minecraft:sneak_time":53161,"minecraft:walk_under_water_one_cm":110991,"minecraft:boat_one_cm":60345,"minecraft:total_world_time":461349,"minecraft:time_since_rest":12623,"minecraft:damage_taken":5464,"minecraft:damage_absorbed":169,"minecraft:trigger_trapped_chest":2,"minecraft:swim_one_cm":228026,"minecraft:fly_one_cm":1306223,"minecraft:open_chest":160,"minecraft:fish_caught":4,"minecraft:fall_one_cm":172253}},"DataVersion":3465}