{"stats":{"minecraft:used":{"duneons:sanctumstonepatternedgilded":1,"duneons:dungeonbarrel":1,"duneons:lamppostdown":7,"minecraft:ladder":6,"duneons:ravagergatewood_3":2,"minecraft:chest":55,"minecraft:shield":187,"minecraft:stone":7,"minecraft:iron_sword":119,"duneons:ravager_gatewood":1,"duneons:tempestknifeblue":23,"duneons:inventorytable":5,"astikorcarts:supply_cart":3,"minecraft:mutton":26,"securitycraft:keypad_item":2,"minecraft:carrot":87,"duneons:redstoneheadcrafting":1,"duneons:wagonblock":1,"minecraft:spruce_boat":3,"minecraft:lantern":4,"minecraft:green_wool":2,"duneons:rampartbrazier":1,"duneons:halberd":196,"duneons:dangerwoodsign":1,"minecraft:stone_bricks":1,"minecraft:oak_sapling":2,"minecraft:furnace":12,"minecraft:egg":2,"minecraft:potato":3,"minecraft:mossy_stone_bricks":1,"duneons:charredgrassblock":1,"minecraft:oak_planks":33,"minecraft:stone_pickaxe":39,"duneons:miniredstonegolem":1,"securitycraft:keypad_frame":1,"minecraft:wooden_pickaxe":10,"iceandfire:pixie_house_oak":2,"duneons:stonehorse":1,"minecraft:golden_apple":1,"duneons:developerstatue":1,"minecraft:white_wool":1,"minecraft:golden_hoe":3,"duneons:strengthenironpickaxe":256,"securitycraft:universal_block_remover":4,"iceandfire:silver_axe":180,"iceandfire:silver_pickaxe":149,"sophisticatedbackpacks:backpack":3,"minecraft:bread":54,"minecraft:string":1,"minecraft:iron_door":1,"minecraft:gravel":1,"minecraft:fire_charge":1,"duneons:red_stone_golem_skull":3,"duneons:poleaxe":104,"duneons:namelessstatue":1,"minecraft:cobweb":9,"minecraft:golden_pickaxe":3,"duneons:highlandberries":85,"duneons:highlandgoldwood":1,"minecraft:iron_bars":1,"duneons:highlandstone":2,"sophisticatedbackpacks:iron_backpack":5,"iceandfire:armor_copper_metal_leggings":1,"minecraft:flint_and_steel":22,"duneons:greenswoed":196,"vanillaplustools:stone_hammer":279,"minecraft:netherrack":2,"minecraft:torch":398,"minecraft:dirt":136,"duneons:crumsoncoresword":303,"duneons:soul_scythe":1,"duneons:goatgear_chestplate":1,"minecraft:wooden_axe":3,"duneons:outpostblueplanks":1,"iceandfire:copper_axe":1,"duneons:books":1,"duneons:ravagergateiron":1,"minecraft:light_gray_wool":1,"minecraft:beef":13,"duneons:golemruin":1,"tombstone:gift":10,"minecraft:cooked_beef":11,"minecraft:cobbled_deepslate":9,"minecraft:enchanted_golden_apple":1,"minecraft:iron_leggings":1,"duneons:leaveswindswept":1,"minecraft:cooked_mutton":20,"minecraft:water_bucket":23,"duneons:whip":15,"minecraft:birch_planks":1,"minecraft:polished_andesite":1,"duneons:coarsedirt_2":1,"duneons:obsidianminiredstonemonstrosity":1,"minecraft:cracked_stone_bricks":3,"minecraft:mossy_cobblestone":1,"minecraft:crafting_table":14,"vanillaplustools:stone_shovel":113,"minecraft:white_bed":12,"tombstone:bag_of_seeds":2,"minecraft:oak_log":13,"sharperthansteel:slap_hand":13,"minecraft:apple":1,"duneons:woodbacketwater":1,"minecraft:iron_pickaxe":171,"minecraft:suspicious_stew":1,"duneons:magicwand":1,"minecraft:stone_axe":200,"duneons:minecartgift":2,"minecraft:green_carpet":2,"duneons:standfortorchgold":1,"minecraft:fishing_rod":8,"minecraft:cobblestone":2150,"minecraft:potion":1,"minecraft:porkchop":7,"duneons:skeletonspear":102,"vanillaplustools:iron_hammer":53,"minecraft:cooked_porkchop":18,"minecraft:bucket":24,"duneons:rapierred":2,"duneons:highlandfern":3},"minecraft:killed_by":{"minecraft:zombie":1,"duneons:wraith":1,"iceandfire:fire_dragon":1,"minecraft:skeleton":1},"minecraft:crafted":{"securitycraft:mine":6,"minecraft:oak_planks":588,"minecraft:stone":64,"securitycraft:keypad_item":1,"sophisticatedbackpacks:crafting_upgrade":1,"minecraft:heavy_weighted_pressure_plate":1,"minecraft:cooked_mutton":10,"securitycraft:laser_block":1,"sophisticatedbackpacks:smelting_upgrade":1,"minecraft:glass":16,"iceandfire:copper_axe":1,"sophisticatedbackpacks:copper_backpack":1,"minecraft:chest":39,"minecraft:oak_button":2,"minecraft:copper_block":6,"vanillaplustools:stone_shovel":2,"astikorcarts:wheel":4,"iceandfire:silver_axe":1,"sophisticatedbackpacks:backpack":2,"minecraft:cooked_porkchop":2,"minecraft:crafting_table":7,"minecraft:spruce_planks":16,"securitycraft:reinforced_stone_button":14,"minecraft:wooden_pickaxe":1,"minecraft:copper_ingot":12,"minecraft:birch_planks":28,"sophisticatedbackpacks:upgrade_base":2,"tombstone:white_marble":2,"sharperthansteel:slap_hand":1,"minecraft:yellow_dye":1,"minecraft:shield":1,"minecraft:stick":248,"minecraft:iron_ingot":37,"minecraft:iron_pickaxe":6,"minecraft:gold_ingot":8,"minecraft:shears":1,"securitycraft:universal_block_reinforcer_lvl1":1,"minecraft:redstone":18,"minecraft:stone_shovel":19,"vanillaplustools:stone_hammer":3,"tombstone:strange_tablet":2,"minecraft:furnace":7,"iceandfire:armor_copper_metal_leggings":1,"minecraft:bone_meal":6,"securitycraft:keypad_frame":1,"minecraft:ladder":6,"securitycraft:universal_block_remover":1,"minecraft:stone_pickaxe":28,"minecraft:spruce_boat":1,"astikorcarts:supply_cart":1,"sophisticatedbackpacks:iron_backpack":1,"iceandfire:silver_ingot":6,"minecraft:iron_sword":1,"sophisticatedbackpacks:gold_backpack":1,"minecraft:bucket":1,"minecraft:stone_axe":12,"minecraft:air":0,"duneons:outpostwood_planks":4,"securitycraft:dirt_mine":1,"minecraft:gold_nugget":9,"minecraft:white_dye":1,"tombstone:dark_marble":2,"minecraft:wooden_axe":2,"minecraft:iron_leggings":1,"minecraft:white_bed":3,"minecraft:torch":204,"iceandfire:silver_pickaxe":1},"minecraft:dropped":{"duneons:burstgale":4,"minecraft:mutton":1,"minecraft:iron_pickaxe":1,"minecraft:bone":7,"minecraft:stone_axe":11,"minecraft:rotten_flesh":4,"minecraft:white_bed":2,"minecraft:carrot":39,"duneons:crumsoncoresword":1,"minecraft:egg":2,"duneons:powerfulbow":2,"minecraft:cobblestone":49,"minecraft:copper_ingot":1,"minecraft:stick":70,"minecraft:wooden_axe":1,"duneons:leaveswindswept":1,"duneons:rapierred":1,"securitycraft:mine":3,"duneons:keygold":5,"duneons:oakwoodbrew":1,"duneons:goldchain":66,"iceandfire:silver_ore":2,"minecraft:filled_map":1,"securitycraft:universal_block_remover":1,"minecraft:stone":1,"minecraft:raw_gold":4},"minecraft:killed":{"duneons:woolycow":2,"minecraft:cave_spider":4,"duneons:redstonecube":11,"minecraft:spider":8,"duneons:wraith":9,"minecraft:skeleton":18,"duneons:monstrosity":1,"minecraft:chicken":2,"duneons:redstonegolem":5,"duneons:keygolem":1,"minecraft:pig":16,"minecraft:creeper":3,"duneons:mountaineer":49,"minecraft:sheep":26,"duneons:tempestgolem":1,"minecraft:zombie":32,"minecraft:stray":2,"iceandfire:pixie":7,"minecraft:cow":14,"duneons:vindicatorvariant":2,"duneons:babykeyblue":3,"minecraft:horse":2,"iceandfire:fire_dragon":1,"duneons:squallgolem":2,"duneons:pigchest":1,"minecraft:drowned":6,"duneons:frozenzombie":2,"minecraft:husk":1,"duneons:tempestgolemsleep":1,"iceandfire:ghost":2,"minecraft:wither_skeleton":1,"minecraft:enderman":1},"minecraft:broken":{"duneons:crumsoncoresword":2,"duneons:poleaxe":1,"duneons:skeletonspear":1,"duneons:goatgear_helmet":1,"minecraft:stone_axe":1,"minecraft:shield":2,"iceandfire:armor_copper_metal_leggings":1,"vanillaplustools:stone_hammer":1,"duneons:cold_nightarmor_boots":1},"minecraft:mined":{"minecraft:large_amethyst_bud":1,"minecraft:white_bed":11,"duneons:weathervane":1,"duneons:ashblock":1,"duneons:barricade":6,"minecraft:cobblestone_stairs":1,"duneons:highlandgoldwood":1,"minecraft:brewing_stand":1,"duneons:charredstone":3,"duneons:rampartbrazier":1,"minecraft:granite":109,"minecraft:grass_block":148,"sophisticatedbackpacks:iron_backpack":1,"duneons:dungeonbarrel":1,"iceandfire:pixie_house_oak":6,"duneons:inventorytable":5,"minecraft:oak_pressure_plate":1,"duneons:standfortorchgold":2,"minecraft:spawner":2,"duneons:charredgrassblock":6,"minecraft:iron_ore":77,"minecraft:fire":1,"duneons:bigwellwater":1,"duneons:firepumkin":1,"duneons:windsweptblocks":1,"duneons:woodbacketwater":2,"minecraft:iron_bars":20,"duneons:highlandlog":2,"duneons:namelessstatue":1,"duneons:iceshoom":1,"minecraft:tripwire":1,"minecraft:cut_sandstone":7,"duneons:vasedungeon":1,"minecraft:kelp_plant":7,"minecraft:amethyst_cluster":3,"duneons:dangerwoodsign":1,"duneons:redstoneheadcrafting":1,"minecraft:torch":13,"duneons:burned_planks":2,"minecraft:calcite":12,"minecraft:poppy":2,"iceandfire:ghost_chest":1,"minecraft:chest":19,"duneons:outposttent":1,"duneons:azure_crystal":2,"minecraft:cobblestone":105,"minecraft:bricks":1,"minecraft:iron_door":1,"minecraft:amethyst_block":2,"minecraft:skeleton_skull":1,"minecraft:seagrass":1,"minecraft:light_blue_terracotta":1,"minecraft:birch_log":6,"duneons:ravagergatewood_3":2,"minecraft:lilac":21,"minecraft:jukebox":1,"minecraft:grass":138,"duneons:sanctumstonecuttop":1,"duneons:cell":1,"minecraft:oak_log":149,"duneons:sanctumstone":2,"minecraft:sand":385,"minecraft:dirt":252,"duneons:lamppostdown":7,"duneons:highlandberrybushempty":1,"minecraft:smooth_basalt":3,"duneons:outpostblueplanks":4,"duneons:dungeonscharreddirt":4,"minecraft:netherrack":3,"minecraft:deepslate":18,"minecraft:oak_leaves":30,"duneons:tombstone":4,"iceandfire:lightning_lily":1,"iceandfire:silver_ore":18,"duneons:ruingolem_4":1,"minecraft:mossy_cobblestone":1,"duneons:kelpstonebircks":1,"minecraft:ladder":6,"duneons:highlandstone":2,"duneons:highlandtallgrass":31,"duneons:highlandgrass":1,"iceandfire:deepslate_silver_ore":1,"duneons:windorangebannerwood":1,"minecraft:kelp":4,"minecraft:sandstone":1,"minecraft:furnace":6,"duneons:red_stone_golem_skull":3,"duneons:redstonecrystal_3":1,"minecraft:andesite":15,"minecraft:gold_block":1,"duneons:shieldmobspawner":1,"minecraft:bookshelf":3,"minecraft:vine":1,"duneons:loot_biggrey":3,"duneons:mossendirt":3,"duneons:ravager_gatewood":1,"minecraft:stone":2321,"minecraft:green_wool":2,"minecraft:cake":1,"duneons:andesitebreked":2,"minecraft:redstone_block":16,"duneons:candle":1,"duneons:developerstatue":1,"duneons:coins":4,"minecraft:oak_fence":1,"minecraft:crafting_table":11,"duneons:coarsedirt_2":1,"minecraft:campfire":1,"minecraft:copper_ore":25,"minecraft:tall_grass":5,"minecraft:lapis_ore":1,"minecraft:deepslate_gold_ore":5,"minecraft:diorite":12,"duneons:stonehorse":2,"minecraft:birch_planks":3,"duneons:highbigtallgrass":1,"minecraft:spruce_log":4,"minecraft:birch_leaves":1,"iceandfire:pixie_house_mushroom_red":3,"iceandfire:ash":1,"duneons:highlandfern":16,"minecraft:coal_ore":148,"minecraft:gravel":7,"minecraft:cobweb":15,"minecraft:cracked_stone_bricks":10,"minecraft:polished_andesite":3,"minecraft:stone_bricks":13,"minecraft:mossy_stone_bricks":1,"minecraft:gold_ore":3},"minecraft:picked_up":{"duneons:candle":1,"minecraft:wheat":1,"minecraft:redstone_block":16,"minecraft:chainmail_boots":1,"minecraft:suspicious_stew":6,"duneons:sanctumstonecuttop":1,"minecraft:potion":1,"minecraft:enchanted_book":6,"duneons:windsweptblocks":1,"duneons:oakwoodbrew":1,"minecraft:brewing_stand":1,"minecraft:amethyst_block":2,"iceandfire:manuscript":8,"minecraft:string":42,"duneons:coin":68,"duneons:ashblock":1,"minecraft:raw_copper":93,"duneons:goatgear_helmet":1,"minecraft:iron_leggings":1,"duneons:redstoneheadcrafting":2,"minecraft:gold_nugget":12,"minecraft:cobbled_deepslate":19,"duneons:whip":1,"minecraft:calcite":12,"minecraft:azalea":1,"minecraft:iron_pickaxe":1,"duneons:smallbow":1,"minecraft:iron_boots":1,"minecraft:furnace":6,"duneons:highlandlog":1,"minecraft:tipped_arrow":1,"minecraft:stick":87,"duneons:dangerwoodsign":1,"iceandfire:ghost_chest":1,"minecraft:jukebox":1,"duneons:cold_nightarmor_chestplate":1,"minecraft:oak_fence":1,"duneons:soullanternitem":1,"minecraft:torch":18,"iceandfire:silver_ore":22,"minecraft:porkchop":10,"duneons:magicwand":6,"tombstone:grave_dust":13,"minecraft:diorite":11,"duneons:weathervane":1,"duneons:firepumkin":1,"iceandfire:lightning_lily":1,"minecraft:rotten_flesh":57,"duneons:lobby_plantssmall":1,"duneons:inventorytable":5,"securitycraft:reinforced_cobbled_deepslate":27,"minecraft:iron_block":1,"duneons:soul_scythe":5,"minecraft:green_wool":2,"duneons:goldmace":6,"minecraft:cod":3,"minecraft:iron_bars":26,"minecraft:cobblestone":2465,"paraglider:paraglider":1,"minecraft:birch_log":8,"minecraft:lilac":21,"minecraft:feather":2,"minecraft:cooked_beef":5,"duneons:developerstatue":1,"minecraft:iron_door":1,"minecraft:andesite":13,"duneons:miniredstonemonstrosity":1,"minecraft:potato":1,"duneons:burstgale":5,"paraglider:spirit_orb":12,"minecraft:flint":1,"duneons:snowbow":1,"duneons:purplevangardpotion":5,"duneons:outposttent":1,"duneons:scattermines":1,"minecraft:lapis_lazuli":9,"minecraft:dirt":379,"duneons:golemruin":1,"minecraft:name_tag":1,"duneons:obsidianminiredstonemonstrosity":1,"duneons:wagonblock":1,"minecraft:leather_boots":1,"securitycraft:reinforced_stone_button":2,"minecraft:bone":40,"duneons:mossendirt":3,"minecraft:bow":3,"minecraft:wheat_seeds":12,"minecraft:raw_gold":7,"duneons:iceshoom":1,"duneons:claymoreblade":1,"duneons:woodbacketwater":2,"duneons:cell":1,"minecraft:mossy_stone_bricks":1,"minecraft:oak_planks":24,"duneons:highlandgoldwood":1,"duneons:cold_nightarmor_helmet":1,"duneons:red_stone_golem_skull":8,"astikorcarts:supply_cart":2,"minecraft:cooked_porkchop":22,"iceandfire:copper_axe":1,"iceandfire:shiny_scales":2,"minecraft:oak_pressure_plate":1,"duneons:namelessstatue":1,"minecraft:sand":382,"sophisticatedbackpacks:iron_backpack":1,"securitycraft:reinforced_stone":18,"duneons:standfortorchgold":1,"minecraft:mossy_cobblestone":2,"securitycraft:universal_block_remover":1,"minecraft:bundle":3,"minecraft:polished_andesite":1,"duneons:ravager_gatewood":1,"tombstone:strange_tablet":1,"minecraft:spruce_boat":3,"tombstone:tablet_of_recall":1,"minecraft:granite":101,"minecraft:bone_meal":2,"duneons:ravagergatewood_3":2,"duneons:highlandstone":2,"duneons:lamppostdown":7,"minecraft:emerald":7,"minecraft:bread":2,"minecraft:oak_sapling":4,"minecraft:netherrack":3,"minecraft:bricks":4,"minecraft:fishing_rod":1,"minecraft:charcoal":2,"minecraft:crafting_table":11,"iceandfire:pixie_house_oak":6,"minecraft:chicken":2,"minecraft:ladder":6,"duneons:kelpstonebircks":1,"duneons:sanctumstone":1,"duneons:goldchain":66,"duneons:gildedglory_chestplate":1,"minecraft:gold_block":1,"duneons:outpostblueplanks":4,"minecraft:brick":9,"duneons:sabrewing_bow":1,"duneons:windhole":2,"minecraft:moss_carpet":2,"minecraft:compass":2,"duneons:rapierred":2,"minecraft:cracked_stone_bricks":10,"minecraft:beef":21,"minecraft:poppy":2,"minecraft:light_gray_wool":2,"minecraft:chest":20,"duneons:highlandberrybushempty":1,"minecraft:egg":5,"duneons:cold_nightarmor_boots":1,"minecraft:raw_iron":72,"iceandfire:dragonbone":14,"minecraft:stone":4,"securitycraft:reinforced_cobblestone":3,"minecraft:copper_ingot":61,"duneons:bigwellwater":1,"minecraft:trident":1,"minecraft:carrot":45,"minecraft:redstone":4,"duneons:burningpotion":1,"iceandfire:dragon_skull_ice":2,"duneons:dungeonbarrel":1,"minecraft:arrow":34,"minecraft:stone_shovel":1,"minecraft:saddle":2,"duneons:vasedungeon":1,"iceandfire:deepslate_silver_ore":1,"duneons:halberd":1,"minecraft:mutton":38,"minecraft:skeleton_skull":3,"minecraft:white_wool":28,"duneons:barricade":6,"duneons:stonehorse":3,"duneons:dungeonscharreddirt":4,"minecraft:clock":1,"duneons:windorangebannerwood":1,"minecraft:salmon":1,"minecraft:leather":18,"minecraft:filled_map":1,"duneons:redbow":1,"minecraft:birch_planks":3,"minecraft:oak_log":151,"minecraft:chainmail_chestplate":1,"minecraft:gunpowder":5,"minecraft:cobblestone_stairs":1,"tombstone:gift":1,"duneons:burned_planks":2,"iceandfire:pixie_house_mushroom_red":3,"minecraft:cooked_mutton":10,"duneons:charredgrassblock":5,"minecraft:apple":1,"minecraft:stone_bricks":13,"minecraft:kelp":36,"duneons:crumsoncoresword":6,"minecraft:iron_ingot":10,"duneons:tempestknifeblue":1,"tombstone:tablet_of_guard":1,"minecraft:cobweb":14,"duneons:mountaineeraxeiron":3,"tombstone:bag_of_seeds":1,"minecraft:book":9,"minecraft:smooth_basalt":3,"duneons:dungeonscharredcobblestone":2,"duneons:coarsedirt_2":1,"duneons:rampartbrazier":2,"iceandfire:ash":1,"minecraft:dandelion":1,"duneons:andesitebreked":1,"duneons:highlandfern":10,"minecraft:gravel":5,"duneons:powerfulbow":2,"minecraft:birch_stairs":1,"minecraft:amethyst_shard":6,"minecraft:white_bed":12,"minecraft:spruce_log":4,"duneons:leaveswindswept":1,"minecraft:green_carpet":2,"minecraft:spider_eye":3,"minecraft:leather_helmet":1,"minecraft:stone_axe":22,"duneons:featherblue":1,"minecraft:chainmail_leggings":1,"duneons:minecartgift":3,"duneons:keygold":4,"securitycraft:keypad":1,"tombstone:magic_scroll":3,"duneons:miniredstonegolem":5,"minecraft:coal":164,"minecraft:ender_pearl":2},"minecraft:custom":{"minecraft:interact_with_crafting_table":115,"minecraft:leave_game":25,"minecraft:time_since_death":5909,"minecraft:damage_resisted":1754,"minecraft:sprint_one_cm":2888556,"minecraft:damage_blocked_by_shield":2220,"minecraft:drop":56,"minecraft:play_time":887165,"minecraft:deaths":10,"minecraft:jump":10046,"minecraft:walk_on_water_one_cm":147601,"minecraft:interact_with_furnace":81,"minecraft:sleep_in_bed":42,"minecraft:damage_dealt":59198,"minecraft:crouch_one_cm":95680,"tombstone:undead_killed":62,"minecraft:horse_one_cm":816,"minecraft:mob_kills":255,"minecraft:climb_one_cm":9557,"minecraft:walk_one_cm":806923,"minecraft:sneak_time":64530,"minecraft:walk_under_water_one_cm":240356,"minecraft:boat_one_cm":60345,"minecraft:total_world_time":887165,"spartanshields:shield_bash_hits":3,"tombstone:raider_killed":2,"minecraft:time_since_rest":2456,"minecraft:damage_taken":11443,"minecraft:damage_absorbed":169,"minecraft:trigger_trapped_chest":2,"minecraft:swim_one_cm":414442,"minecraft:fly_one_cm":2111933,"minecraft:open_chest":843,"minecraft:fish_caught":4,"minecraft:fall_one_cm":252700}},"DataVersion":3465}