{"stats":{"minecraft:used":{"iceandfire:lectern":1,"duneons:sanctumstonepatternedgilded":1,"duneons:dungeonbarrel":1,"duneons:lamppostdown":7,"minecraft:ladder":6,"duneons:ravagergatewood_3":2,"minecraft:chest":69,"minecraft:stone":20,"duneons:tempestknifeblue":23,"astikorcarts:supply_cart":3,"securitycraft:keypad_item":2,"minecraft:spruce_boat":3,"duneons:rampartbrazier":1,"minecraft:furnace":18,"minecraft:oak_sapling":2,"minecraft:egg":2,"minecraft:potato":3,"minecraft:mossy_stone_bricks":1,"duneons:miniredstonegolem":1,"minecraft:wooden_pickaxe":10,"securitycraft:keypad_frame":1,"minecraft:golden_apple":1,"duneons:strengthenironpickaxe":256,"securitycraft:universal_block_remover":4,"iceandfire:silver_pickaxe":355,"duneons:cell":1,"minecraft:fire_charge":1,"duneons:red_stone_golem_skull":4,"duneons:poleaxe":104,"duneons:namelessstatue":1,"minecraft:iron_bars":1,"duneons:highlandstone":2,"iceandfire:armor_copper_metal_leggings":1,"vanillaplustools:stone_hammer":320,"astikorcarts:animal_cart":1,"minecraft:netherrack":2,"minecraft:torch":499,"minecraft:brewing_stand":1,"duneons:crumsoncoresword":487,"duneons:outpostblueplanks":1,"iceandfire:copper_axe":1,"duneons:ravagergateiron":1,"minecraft:beef":13,"duneons:golemruin":1,"tombstone:gift":11,"minecraft:cobbled_deepslate":19,"duneons:leaveswindswept":1,"sophisticatedbackpacks:gold_backpack":6,"minecraft:water_bucket":26,"minecraft:birch_planks":1,"minecraft:bundle":1,"duneons:coarsedirt_2":1,"duneons:candle":1,"minecraft:cracked_stone_bricks":3,"minecraft:mossy_cobblestone":1,"minecraft:tnt":1,"minecraft:crafting_table":15,"vanillaplustools:stone_shovel":249,"minecraft:white_bed":13,"minecraft:oak_log":13,"minecraft:suspicious_stew":1,"minecraft:iron_pickaxe":171,"duneons:magicwand":1,"minecraft:green_carpet":2,"duneons:standfortorchgold":1,"minecraft:cobblestone":2794,"minecraft:potion":1,"vanillaplustools:iron_hammer":135,"minecraft:cooked_porkchop":24,"minecraft:porkchop":7,"duneons:rapierred":2,"duneons:highlandfern":3,"minecraft:jukebox":3,"duneons:bluebanner":4,"minecraft:iron_shovel":275,"minecraft:shield":194,"minecraft:iron_sword":119,"duneons:ravager_gatewood":1,"paraglider:goddess_statue":3,"duneons:inventorytable":5,"minecraft:mutton":26,"minecraft:carrot":88,"duneons:redstoneheadcrafting":1,"duneons:wagonblock":1,"minecraft:lantern":5,"minecraft:green_wool":2,"duneons:halberd":243,"duneons:dangerwoodsign":1,"minecraft:stone_bricks":1,"iceandfire:pixie_jar_empty":1,"duneons:charredgrassblock":1,"minecraft:stone_pickaxe":39,"minecraft:oak_planks":33,"iceandfire:pixie_house_oak":2,"duneons:stonehorse":2,"duneons:developerstatue":1,"minecraft:white_wool":1,"iceandfire:podium_spruce":1,"minecraft:golden_hoe":28,"iceandfire:silver_axe":209,"waystones:waystone":1,"sophisticatedbackpacks:backpack":3,"minecraft:bread":114,"minecraft:string":1,"minecraft:iron_door":1,"minecraft:gravel":1,"iceandfire:dragon_skull_fire":2,"minecraft:golden_pickaxe":3,"duneons:highlandberries":85,"minecraft:cobweb":9,"duneons:highlandgoldwood":1,"sophisticatedbackpacks:iron_backpack":5,"minecraft:flint_and_steel":22,"duneons:greenswoed":196,"minecraft:dirt":1335,"duneons:soul_scythe":1,"duneons:goatgear_chestplate":1,"minecraft:wooden_axe":3,"paraglider:horned_statue":1,"duneons:books":1,"securitycraft:sentry":4,"minecraft:light_gray_wool":1,"minecraft:cooked_beef":19,"minecraft:enchanted_golden_apple":1,"minecraft:iron_leggings":1,"minecraft:cooked_mutton":20,"duneons:whip":24,"minecraft:cobblestone_stairs":39,"minecraft:polished_andesite":1,"duneons:obsidianminiredstonemonstrosity":1,"tombstone:bag_of_seeds":2,"sharperthansteel:slap_hand":13,"minecraft:apple":2,"duneons:woodbacketwater":1,"minecraft:stone_axe":200,"duneons:minecartgift":2,"minecraft:fishing_rod":8,"duneons:skeletonspear":102,"minecraft:bucket":63,"iceandfire:silver_shovel":49},"minecraft:killed_by":{"minecraft:zombie":1,"duneons:wraith":1,"iceandfire:fire_dragon":3,"minecraft:skeleton":1},"minecraft:crafted":{"iceandfire:silver_shovel":1,"waystones:waystone":1,"securitycraft:keypad_item":1,"sophisticatedbackpacks:crafting_upgrade":1,"minecraft:cooked_mutton":10,"sophisticatedbackpacks:smelting_upgrade":1,"minecraft:glass":16,"iceandfire:copper_axe":1,"sophisticatedbackpacks:copper_backpack":2,"sophisticatedbackpacks:tank_upgrade":1,"vanillaplustools:stone_shovel":2,"astikorcarts:wheel":4,"iceandfire:silver_axe":1,"minecraft:cooked_porkchop":2,"securitycraft:reinforced_stone_button":14,"iceandfire:armor_red_chestplate":1,"minecraft:copper_ingot":21,"minecraft:sticky_piston":1,"waystones:warp_stone":1,"tombstone:white_marble":2,"minecraft:iron_pickaxe":6,"minecraft:iron_block":6,"minecraft:gold_ingot":17,"minecraft:stone_shovel":19,"vanillaplustools:stone_hammer":3,"tombstone:strange_tablet":2,"iceandfire:armor_copper_metal_leggings":1,"iceandfire:dragon_flute":1,"minecraft:bone_meal":6,"minecraft:ladder":6,"securitycraft:universal_block_remover":1,"minecraft:stone_pickaxe":28,"minecraft:spruce_boat":1,"astikorcarts:supply_cart":1,"iceandfire:chain":1,"securitycraft:portable_radar":2,"securitycraft:reinforced_dispenser":2,"sophisticatedbackpacks:gold_backpack":2,"duneons:outpostwood_planks":4,"securitycraft:remote_access_sentry":1,"minecraft:wooden_axe":2,"minecraft:iron_leggings":1,"minecraft:white_bed":3,"iceandfire:silver_pickaxe":1,"securitycraft:mine":6,"minecraft:oak_planks":588,"minecraft:stone":64,"minecraft:cobblestone_stairs":16,"minecraft:heavy_weighted_pressure_plate":1,"securitycraft:laser_block":1,"minecraft:bow":1,"minecraft:chest":46,"minecraft:oak_button":2,"minecraft:copper_block":6,"sophisticatedbackpacks:backpack":2,"minecraft:crafting_table":7,"minecraft:spruce_planks":16,"minecraft:wooden_pickaxe":1,"minecraft:birch_planks":28,"sophisticatedbackpacks:upgrade_base":4,"sharperthansteel:slap_hand":1,"minecraft:yellow_dye":1,"minecraft:shield":1,"minecraft:stick":260,"minecraft:iron_ingot":37,"minecraft:redstone_torch":3,"minecraft:shears":1,"securitycraft:universal_block_reinforcer_lvl1":1,"minecraft:redstone":18,"securitycraft:sentry":2,"minecraft:furnace":7,"minecraft:piston":2,"securitycraft:keypad_frame":1,"iceandfire:armor_red_boots":1,"sophisticatedbackpacks:iron_backpack":2,"iceandfire:silver_ingot":6,"minecraft:iron_sword":1,"minecraft:bucket":3,"minecraft:stone_axe":12,"minecraft:air":0,"securitycraft:dirt_mine":1,"sophisticatedbackpacks:pump_upgrade":1,"minecraft:gold_nugget":9,"minecraft:white_dye":1,"tombstone:dark_marble":2,"minecraft:torch":204},"minecraft:dropped":{"minecraft:glass_bottle":1,"duneons:burstgale":4,"minecraft:phantom_membrane":6,"minecraft:iron_pickaxe":1,"minecraft:bone":7,"minecraft:stone_axe":11,"minecraft:rotten_flesh":4,"minecraft:white_bed":2,"minecraft:egg":2,"minecraft:clock":2,"minecraft:cobblestone":54,"minecraft:granite":2,"minecraft:coal":5,"minecraft:wooden_axe":1,"minecraft:paper":4,"duneons:oakwoodbrew":1,"duneons:goldchain":66,"minecraft:name_tag":3,"minecraft:stone":1,"minecraft:allium":2,"duneons:coin":2,"minecraft:mutton":1,"minecraft:carrot":39,"duneons:crumsoncoresword":2,"minecraft:bread":3,"duneons:powerfulbow":2,"minecraft:copper_ingot":1,"minecraft:stick":70,"duneons:leaveswindswept":1,"iceandfire:dragonbone":14,"duneons:rapierred":1,"securitycraft:mine":3,"duneons:keygold":6,"iceandfire:silver_ore":2,"minecraft:filled_map":1,"securitycraft:universal_block_remover":1,"minecraft:raw_gold":4},"minecraft:killed":{"minecraft:cave_spider":4,"iceandfire:hippogryph":1,"duneons:wraith":9,"minecraft:skeleton":23,"duneons:monstrosity":1,"minecraft:chicken":2,"minecraft:pillager":1,"duneons:tempestgolem":1,"minecraft:zombie":44,"minecraft:cow":20,"duneons:vindicatorvariant":2,"minecraft:horse":2,"duneons:pigchest":1,"duneons:squallgolem":3,"duneons:frozenzombie":2,"minecraft:husk":1,"minecraft:ravager":2,"iceandfire:ghost":15,"minecraft:enderman":1,"duneons:woolycow":3,"duneons:redstonecube":11,"minecraft:spider":10,"duneons:necromancer":1,"duneons:redstonegolem":7,"duneons:keygolem":1,"minecraft:pig":18,"minecraft:creeper":3,"duneons:mountaineer":52,"minecraft:sheep":27,"minecraft:stray":2,"iceandfire:pixie":7,"duneons:babykeyblue":3,"iceandfire:fire_dragon":2,"minecraft:drowned":8,"duneons:tempestgolemsleep":1,"minecraft:wither_skeleton":1},"minecraft:broken":{"duneons:crumsoncoresword":2,"duneons:poleaxe":1,"duneons:gildedglory_chestplate":1,"minecraft:shield":2,"iceandfire:armor_copper_metal_leggings":1,"vanillaplustools:stone_hammer":1,"duneons:cold_nightarmor_boots":1,"vanillaplustools:stone_shovel":1,"minecraft:iron_shovel":1,"duneons:skeletonspear":1,"duneons:goatgear_helmet":1,"minecraft:stone_axe":1},"minecraft:mined":{"minecraft:white_bed":12,"iceandfire:copper_pile":2,"duneons:barricade":6,"duneons:charredstone":3,"minecraft:granite":109,"duneons:bluebanner":3,"iceandfire:pixie_house_oak":6,"duneons:inventorytable":5,"minecraft:oak_pressure_plate":1,"minecraft:spawner":3,"minecraft:cobbled_deepslate":2,"minecraft:fire":3,"minecraft:deepslate_lapis_ore":6,"duneons:firepumkin":1,"iceandfire:gold_pile":84,"minecraft:dirt_path":2,"duneons:highlandlog":2,"minecraft:tripwire":1,"duneons:vasedungeon":1,"minecraft:cut_sandstone":7,"minecraft:kelp_plant":8,"minecraft:amethyst_cluster":3,"duneons:dangerwoodsign":1,"minecraft:torch":20,"minecraft:bricks":1,"minecraft:amethyst_block":2,"mca:cross_headstone":1,"minecraft:skeleton_skull":1,"duneons:ravagergatewood_3":2,"paraglider:horned_statue":1,"minecraft:lilac":21,"minecraft:jukebox":3,"minecraft:grass":226,"duneons:sanctumstonecuttop":1,"duneons:sanctumstone":2,"minecraft:smooth_basalt":3,"duneons:dungeonscharreddirt":4,"minecraft:deepslate":95,"duneons:tombstone":4,"iceandfire:silver_ore":23,"minecraft:mossy_cobblestone":1,"duneons:kelpstonebircks":1,"minecraft:allium":2,"duneons:highlandtallgrass":34,"iceandfire:deepslate_silver_ore":1,"duneons:windorangebannerwood":1,"minecraft:kelp":5,"duneons:red_stone_golem_skull":4,"duneons:redstonecrystal_3":1,"minecraft:andesite":15,"minecraft:vine":1,"duneons:mossendirt":4,"iceandfire:podium_spruce":1,"minecraft:cake":1,"minecraft:green_wool":2,"duneons:andesitebreked":2,"minecraft:redstone_block":16,"duneons:candle":1,"duneons:developerstatue":1,"minecraft:dandelion":5,"minecraft:campfire":1,"duneons:coarsedirt_2":1,"minecraft:tall_grass":16,"minecraft:copper_ore":37,"minecraft:deepslate_gold_ore":10,"minecraft:diorite":12,"duneons:stonehorse":2,"minecraft:spruce_log":4,"minecraft:birch_leaves":1,"duneons:highlandfern":18,"minecraft:gravel":7,"minecraft:cobweb":16,"minecraft:stone_bricks":19,"minecraft:gold_ore":4,"minecraft:large_amethyst_bud":1,"duneons:weathervane":1,"duneons:ashblock":1,"minecraft:cobblestone_stairs":4,"duneons:highlandgoldwood":1,"minecraft:brewing_stand":1,"duneons:rampartbrazier":1,"minecraft:grass_block":769,"sophisticatedbackpacks:iron_backpack":1,"iceandfire:lectern":1,"duneons:dungeonbarrel":1,"duneons:standfortorchgold":3,"duneons:charredgrassblock":7,"minecraft:iron_ore":79,"duneons:bigwellwater":1,"minecraft:azure_bluet":3,"duneons:windsweptblocks":1,"duneons:woodbacketwater":2,"minecraft:iron_bars":20,"duneons:namelessstatue":1,"duneons:iceshoom":1,"duneons:redstoneheadcrafting":1,"duneons:burned_planks":2,"minecraft:calcite":12,"minecraft:poppy":2,"iceandfire:ghost_chest":2,"minecraft:chest":26,"duneons:outposttent":1,"minecraft:cobblestone":151,"duneons:azure_crystal":2,"minecraft:oak_planks":2,"minecraft:iron_door":1,"minecraft:wall_torch":1,"minecraft:pink_petals":3,"minecraft:seagrass":1,"minecraft:light_blue_terracotta":1,"minecraft:birch_log":6,"minecraft:tnt":1,"duneons:cell":1,"minecraft:oak_log":149,"minecraft:sand":385,"minecraft:dirt":795,"duneons:highlandberrybushempty":1,"duneons:lamppostdown":8,"duneons:outpostblueplanks":4,"minecraft:netherrack":3,"minecraft:oak_leaves":38,"iceandfire:lightning_lily":1,"duneons:ruingolem_4":1,"minecraft:ladder":6,"duneons:highlandstone":2,"duneons:highlandgrass":4,"minecraft:sandstone":1,"minecraft:hay_block":13,"minecraft:furnace":12,"minecraft:gold_block":1,"duneons:shieldmobspawner":1,"minecraft:bookshelf":11,"minecraft:deepslate_iron_ore":14,"duneons:loot_biggrey":3,"minecraft:lantern":1,"duneons:ravager_gatewood":1,"minecraft:stone":3185,"duneons:highlandoakfence":2,"iceandfire:pixie_jar_empty":1,"duneons:coins":4,"minecraft:oak_fence":1,"minecraft:crafting_table":11,"minecraft:lapis_ore":1,"minecraft:birch_planks":3,"duneons:highbigtallgrass":1,"iceandfire:pixie_house_mushroom_red":3,"iceandfire:ash":1,"minecraft:coal_ore":203,"minecraft:cracked_stone_bricks":13,"minecraft:polished_andesite":3,"minecraft:mossy_stone_bricks":2,"paraglider:goddess_statue":3},"minecraft:picked_up":{"minecraft:chainmail_boots":1,"minecraft:suspicious_stew":8,"minecraft:oak_stairs":5,"duneons:windsweptblocks":1,"minecraft:enchanted_book":6,"duneons:oakwoodbrew":1,"minecraft:brewing_stand":1,"minecraft:amethyst_block":2,"iceandfire:manuscript":17,"paraglider:goddess_statue":3,"minecraft:string":43,"duneons:coin":70,"duneons:goatgear_helmet":1,"duneons:redstoneheadcrafting":2,"minecraft:cobbled_deepslate":91,"minecraft:gold_nugget":732,"duneons:smallbow":1,"duneons:dangerwoodsign":1,"minecraft:jukebox":3,"duneons:cold_nightarmor_chestplate":1,"iceandfire:silver_ore":26,"duneons:weathervane":1,"iceandfire:lightning_lily":1,"securitycraft:reinforced_cobbled_deepslate":27,"duneons:lobby_plantssmall":1,"duneons:inventorytable":5,"minecraft:iron_block":1,"iceandfire:fire_dragon_heart":2,"duneons:soul_scythe":7,"duneons:goldmace":8,"minecraft:iron_bars":26,"minecraft:birch_log":8,"duneons:crystalblue":1,"minecraft:cooked_beef":12,"minecraft:feather":5,"minecraft:iron_door":1,"duneons:bluekinghat_leggings":1,"minecraft:flint":1,"duneons:snowbow":1,"duneons:outposttent":1,"duneons:scattermines":1,"minecraft:lantern":1,"securitycraft:reinforced_stone_button":2,"duneons:mossendirt":4,"duneons:woodbacketwater":2,"duneons:cell":1,"astikorcarts:supply_cart":2,"iceandfire:dragon_skull_fire":4,"iceandfire:shiny_scales":2,"sophisticatedbackpacks:iron_backpack":1,"duneons:standfortorchgold":2,"securitycraft:universal_block_remover":1,"minecraft:bundle":3,"minecraft:polished_andesite":1,"tombstone:strange_tablet":1,"iceandfire:lectern":1,"minecraft:granite":101,"duneons:lamppostdown":8,"minecraft:bread":8,"minecraft:bricks":4,"minecraft:crafting_table":11,"duneons:gildedglory_chestplate":1,"duneons:outpostblueplanks":4,"duneons:sabrewing_bow":1,"duneons:windhole":2,"minecraft:compass":2,"duneons:rapierred":2,"minecraft:cracked_stone_bricks":13,"minecraft:beef":28,"minecraft:poppy":2,"minecraft:chest":27,"minecraft:egg":6,"minecraft:stone":4,"securitycraft:reinforced_cobblestone":17,"minecraft:carrot":45,"minecraft:redstone":4,"iceandfire:dragon_skull_ice":2,"duneons:dungeonbarrel":1,"minecraft:tnt":1,"minecraft:stone_shovel":1,"minecraft:hay_block":13,"minecraft:gold_ingot":2,"duneons:halberd":1,"minecraft:mutton":38,"minecraft:white_wool":29,"duneons:dungeonscharreddirt":4,"minecraft:clock":3,"duneons:redbow":1,"minecraft:filled_map":1,"minecraft:oak_log":151,"minecraft:paper":4,"tombstone:gift":1,"duneons:burned_planks":2,"iceandfire:pixie_house_mushroom_red":3,"duneons:charredgrassblock":6,"minecraft:apple":1,"minecraft:stone_bricks":19,"iceandfire:pixie_jar_empty":1,"minecraft:kelp":36,"duneons:crumsoncoresword":9,"duneons:tempestknifeblue":1,"tombstone:tablet_of_guard":1,"minecraft:cobweb":18,"duneons:mountaineeraxeiron":3,"tombstone:bag_of_seeds":1,"iceandfire:copper_nugget":14,"minecraft:smooth_basalt":3,"duneons:dungeonscharredcobblestone":2,"duneons:coarsedirt_2":1,"duneons:rampartbrazier":2,"duneons:andesitebreked":1,"minecraft:gravel":5,"duneons:highlandfern":11,"minecraft:birch_stairs":1,"duneons:necromancerball":1,"minecraft:spruce_log":4,"duneons:leaveswindswept":1,"duneons:highlandoakfence":2,"minecraft:leather_helmet":1,"minecraft:stone_axe":22,"duneons:miniredstonegolem":7,"securitycraft:keypad":1,"minecraft:ender_pearl":2,"duneons:candle":1,"minecraft:wheat":1,"minecraft:redstone_block":16,"duneons:sanctumstonecuttop":1,"minecraft:potion":1,"duneons:ashblock":1,"minecraft:raw_copper":133,"minecraft:iron_leggings":1,"duneons:whip":1,"minecraft:calcite":12,"minecraft:azalea":1,"minecraft:iron_pickaxe":1,"iceandfire:dragonscales_red":12,"minecraft:iron_boots":1,"minecraft:furnace":12,"duneons:highlandlog":1,"minecraft:tipped_arrow":1,"minecraft:stick":87,"iceandfire:ghost_chest":2,"minecraft:oak_fence":3,"duneons:soullanternitem":1,"minecraft:torch":34,"minecraft:porkchop":12,"duneons:magicwand":8,"astikorcarts:animal_cart":1,"tombstone:grave_dust":17,"minecraft:diorite":11,"duneons:firepumkin":1,"minecraft:rotten_flesh":81,"duneons:bluebanner":4,"minecraft:green_wool":2,"minecraft:cod":3,"minecraft:cobblestone":3250,"paraglider:paraglider":1,"minecraft:pink_petals":10,"minecraft:lilac":21,"duneons:developerstatue":1,"minecraft:andesite":13,"duneons:miniredstonemonstrosity":1,"minecraft:potato":1,"duneons:burstgale":5,"paraglider:spirit_orb":14,"duneons:purplevangardpotion":7,"duneons:golemruin":1,"minecraft:lapis_lazuli":59,"minecraft:dirt":1580,"iceandfire:dragonscales_bronze":3,"securitycraft:sentry":2,"minecraft:name_tag":4,"duneons:wagonblock":2,"duneons:obsidianminiredstonemonstrosity":1,"minecraft:leather_boots":1,"minecraft:bone":43,"minecraft:bow":3,"minecraft:wheat_seeds":35,"minecraft:raw_gold":13,"minecraft:bell":1,"duneons:iceshoom":1,"duneons:claymoreblade":1,"minecraft:mossy_stone_bricks":2,"duneons:highlandgoldwood":1,"minecraft:oak_planks":25,"duneons:cold_nightarmor_helmet":1,"duneons:red_stone_golem_skull":11,"minecraft:cooked_porkchop":22,"iceandfire:podium_spruce":1,"iceandfire:copper_axe":1,"minecraft:oak_pressure_plate":1,"duneons:namelessstatue":1,"minecraft:sand":428,"securitycraft:reinforced_stone":18,"minecraft:mossy_cobblestone":2,"duneons:ravager_gatewood":1,"minecraft:spruce_boat":3,"tombstone:tablet_of_recall":1,"duneons:ravagergatewood_3":2,"minecraft:bone_meal":2,"duneons:highlandstone":2,"minecraft:emerald":7,"minecraft:oak_sapling":5,"minecraft:netherrack":3,"minecraft:fishing_rod":1,"minecraft:charcoal":2,"minecraft:allium":2,"minecraft:azure_bluet":3,"minecraft:ladder":6,"minecraft:chicken":2,"iceandfire:pixie_house_oak":6,"iceandfire:chain":2,"duneons:kelpstonebircks":1,"duneons:sanctumstone":3,"duneons:goldchain":66,"minecraft:gold_block":1,"minecraft:brick":9,"minecraft:moss_carpet":2,"minecraft:light_gray_wool":2,"duneons:highlandberrybushempty":1,"minecraft:phantom_membrane":6,"duneons:cold_nightarmor_boots":1,"minecraft:raw_iron":88,"iceandfire:dragonbone":49,"minecraft:copper_ingot":61,"duneons:bigwellwater":1,"minecraft:trident":1,"duneons:burningpotion":1,"minecraft:arrow":40,"duneons:vasedungeon":1,"minecraft:saddle":4,"iceandfire:deepslate_silver_ore":1,"paraglider:horned_statue":1,"minecraft:skeleton_skull":3,"duneons:barricade":6,"duneons:bluekinghat_chestplate":1,"duneons:stonehorse":3,"duneons:windorangebannerwood":1,"minecraft:salmon":1,"minecraft:leather":22,"minecraft:birch_planks":3,"minecraft:chainmail_chestplate":1,"iceandfire:ectoplasm":3,"minecraft:gunpowder":5,"minecraft:cobblestone_stairs":4,"minecraft:cooked_mutton":10,"minecraft:iron_ingot":10,"iceandfire:fire_dragon_flesh":10,"minecraft:book":33,"iceandfire:ash":1,"minecraft:dandelion":6,"duneons:powerfulbow":2,"minecraft:amethyst_shard":6,"securitycraft:reinforced_iron_block":6,"minecraft:white_bed":13,"duneons:bluekinghat_helmet":1,"minecraft:green_carpet":2,"minecraft:spider_eye":5,"duneons:featherblue":1,"minecraft:chainmail_leggings":1,"duneons:minecartgift":3,"duneons:keygold":5,"tombstone:magic_scroll":3,"minecraft:coal":209},"minecraft:custom":{"minecraft:interact_with_crafting_table":121,"minecraft:leave_game":36,"minecraft:time_since_death":114926,"minecraft:damage_blocked_by_shield":2350,"minecraft:play_time":1185066,"minecraft:deaths":13,"minecraft:jump":13138,"minecraft:interact_with_furnace":82,"minecraft:sleep_in_bed":57,"minecraft:waystone_activated":3,"minecraft:damage_dealt":76636,"tombstone:undead_killed":94,"minecraft:interact_with_smoker":1,"minecraft:horse_one_cm":816,"minecraft:sneak_time":71284,"minecraft:total_world_time":1185066,"tombstone:raider_killed":5,"minecraft:time_since_rest":33630,"minecraft:swim_one_cm":482932,"minecraft:fly_one_cm":2826496,"minecraft:open_chest":1320,"minecraft:fish_caught":4,"minecraft:fall_one_cm":315831,"minecraft:damage_resisted":1977,"minecraft:sprint_one_cm":3901113,"minecraft:drop":72,"minecraft:interact_with_brewingstand":2,"minecraft:walk_on_water_one_cm":164772,"minecraft:crouch_one_cm":106859,"minecraft:mob_kills":313,"minecraft:climb_one_cm":9557,"minecraft:walk_one_cm":1154383,"minecraft:walk_under_water_one_cm":279873,"minecraft:boat_one_cm":60345,"spartanshields:shield_bash_hits":6,"minecraft:damage_taken":14993,"minecraft:damage_absorbed":169,"minecraft:trigger_trapped_chest":13}},"DataVersion":3465}