{"stats":{"minecraft:dropped":{"duneons:burstgale":4,"minecraft:mutton":1,"minecraft:iron_pickaxe":1,"minecraft:bone":7,"minecraft:stone_axe":11,"minecraft:rotten_flesh":4,"minecraft:white_bed":2,"minecraft:carrot":39,"duneons:crumsoncoresword":1,"minecraft:egg":2,"duneons:powerfulbow":2,"minecraft:cobblestone":49,"minecraft:copper_ingot":1,"minecraft:stick":70,"minecraft:wooden_axe":1,"duneons:leaveswindswept":1,"duneons:rapierred":1,"securitycraft:mine":3,"duneons:keygold":5,"duneons:oakwoodbrew":1,"duneons:goldchain":66,"iceandfire:silver_ore":2,"minecraft:filled_map":1,"minecraft:stone":1,"minecraft:raw_gold":4},"minecraft:killed_by":{"minecraft:zombie":1,"duneons:wraith":1,"minecraft:skeleton":1},"minecraft:broken":{"duneons:crumsoncoresword":1,"duneons:poleaxe":1,"duneons:skeletonspear":1,"minecraft:stone_axe":1,"minecraft:shield":1,"iceandfire:armor_copper_metal_leggings":1,"vanillaplustools:stone_hammer":1},"minecraft:used":{"duneons:sanctumstonepatternedgilded":1,"duneons:lamppostdown":4,"minecraft:ladder":6,"duneons:ravagergatewood_3":2,"minecraft:chest":54,"minecraft:shield":124,"minecraft:stone":4,"minecraft:iron_sword":119,"duneons:ravager_gatewood":1,"duneons:tempestknifeblue":23,"duneons:inventorytable":5,"minecraft:mutton":26,"minecraft:carrot":87,"duneons:redstoneheadcrafting":1,"minecraft:spruce_boat":3,"minecraft:lantern":4,"minecraft:green_wool":2,"duneons:rampartbrazier":1,"duneons:halberd":27,"duneons:dangerwoodsign":1,"minecraft:stone_bricks":1,"minecraft:oak_sapling":2,"minecraft:furnace":12,"minecraft:egg":2,"minecraft:potato":3,"duneons:charredgrassblock":1,"minecraft:oak_planks":29,"minecraft:stone_pickaxe":39,"duneons:miniredstonegolem":1,"minecraft:wooden_pickaxe":10,"iceandfire:pixie_house_oak":2,"duneons:stonehorse":1,"minecraft:white_wool":1,"minecraft:golden_apple":1,"minecraft:golden_hoe":3,"duneons:strengthenironpickaxe":254,"iceandfire:silver_axe":137,"sophisticatedbackpacks:backpack":3,"minecraft:bread":36,"minecraft:string":1,"minecraft:gravel":1,"minecraft:fire_charge":1,"duneons:red_stone_golem_skull":3,"duneons:poleaxe":104,"minecraft:cobweb":9,"minecraft:golden_pickaxe":3,"duneons:highlandberries":73,"duneons:highlandgoldwood":1,"sophisticatedbackpacks:iron_backpack":5,"minecraft:iron_bars":1,"duneons:highlandstone":2,"iceandfire:armor_copper_metal_leggings":1,"minecraft:flint_and_steel":22,"duneons:greenswoed":196,"vanillaplustools:stone_hammer":279,"minecraft:netherrack":2,"minecraft:torch":202,"minecraft:dirt":133,"duneons:crumsoncoresword":208,"duneons:soul_scythe":1,"duneons:goatgear_chestplate":1,"minecraft:wooden_axe":3,"duneons:outpostblueplanks":1,"iceandfire:copper_axe":1,"duneons:books":1,"duneons:ravagergateiron":1,"minecraft:light_gray_wool":1,"minecraft:beef":13,"duneons:golemruin":1,"tombstone:gift":8,"minecraft:cooked_beef":5,"minecraft:enchanted_golden_apple":1,"minecraft:iron_leggings":1,"duneons:leaveswindswept":1,"minecraft:cooked_mutton":10,"minecraft:water_bucket":19,"minecraft:polished_andesite":1,"duneons:coarsedirt_2":1,"duneons:obsidianminiredstonemonstrosity":1,"minecraft:cracked_stone_bricks":3,"minecraft:crafting_table":14,"vanillaplustools:stone_shovel":113,"minecraft:white_bed":8,"minecraft:oak_log":13,"minecraft:apple":1,"duneons:woodbacketwater":1,"minecraft:iron_pickaxe":171,"minecraft:suspicious_stew":1,"duneons:magicwand":1,"minecraft:stone_axe":200,"duneons:minecartgift":2,"minecraft:green_carpet":2,"duneons:standfortorchgold":1,"minecraft:fishing_rod":8,"minecraft:cobblestone":2009,"duneons:skeletonspear":102,"vanillaplustools:iron_hammer":23,"minecraft:porkchop":7,"minecraft:cooked_porkchop":2,"minecraft:bucket":20,"duneons:rapierred":2,"duneons:highlandfern":3},"minecraft:killed":{"duneons:woolycow":2,"duneons:redstonecube":11,"minecraft:spider":4,"duneons:wraith":9,"minecraft:skeleton":4,"duneons:monstrosity":1,"minecraft:chicken":1,"duneons:redstonegolem":2,"duneons:keygolem":1,"minecraft:pig":5,"minecraft:creeper":1,"duneons:mountaineer":49,"minecraft:sheep":23,"duneons:tempestgolem":1,"minecraft:zombie":19,"minecraft:stray":2,"iceandfire:pixie":7,"minecraft:cow":14,"duneons:babykeyblue":1,"minecraft:horse":2,"duneons:squallgolem":2,"minecraft:drowned":6,"duneons:frozenzombie":1,"minecraft:husk":1,"duneons:tempestgolemsleep":1,"iceandfire:ghost":2,"minecraft:enderman":1},"minecraft:picked_up":{"minecraft:redstone_block":12,"minecraft:suspicious_stew":2,"duneons:sanctumstonecuttop":1,"duneons:windsweptblocks":1,"minecraft:enchanted_book":5,"duneons:oakwoodbrew":1,"iceandfire:manuscript":8,"duneons:coin":66,"minecraft:string":11,"duneons:ashblock":1,"minecraft:raw_copper":93,"duneons:goatgear_helmet":1,"duneons:redstoneheadcrafting":2,"minecraft:iron_pickaxe":1,"minecraft:iron_boots":1,"minecraft:furnace":6,"duneons:highlandlog":1,"minecraft:tipped_arrow":1,"duneons:dangerwoodsign":1,"minecraft:stick":87,"iceandfire:ghost_chest":1,"duneons:soullanternitem":1,"minecraft:oak_fence":1,"duneons:cold_nightarmor_chestplate":1,"minecraft:torch":14,"iceandfire:silver_ore":14,"minecraft:porkchop":9,"duneons:magicwand":2,"tombstone:grave_dust":10,"minecraft:diorite":11,"duneons:weathervane":1,"minecraft:rotten_flesh":28,"duneons:inventorytable":5,"minecraft:iron_block":1,"duneons:soul_scythe":1,"minecraft:green_wool":2,"duneons:goldmace":2,"minecraft:cod":3,"minecraft:iron_bars":6,"minecraft:cobblestone":2395,"paraglider:paraglider":1,"minecraft:birch_log":7,"minecraft:cooked_beef":5,"minecraft:feather":2,"minecraft:lilac":21,"minecraft:andesite":13,"duneons:miniredstonemonstrosity":1,"minecraft:potato":1,"duneons:burstgale":5,"paraglider:spirit_orb":6,"minecraft:flint":1,"duneons:snowbow":1,"duneons:purplevangardpotion":2,"duneons:outposttent":1,"duneons:scattermines":1,"duneons:golemruin":1,"minecraft:dirt":378,"duneons:obsidianminiredstonemonstrosity":1,"minecraft:bone":23,"duneons:mossendirt":3,"minecraft:bow":2,"minecraft:wheat_seeds":10,"duneons:iceshoom":1,"duneons:claymoreblade":1,"duneons:woodbacketwater":2,"minecraft:oak_planks":24,"duneons:highlandgoldwood":1,"duneons:cold_nightarmor_helmet":1,"duneons:red_stone_golem_skull":5,"iceandfire:copper_axe":1,"minecraft:oak_pressure_plate":1,"minecraft:sand":382,"sophisticatedbackpacks:iron_backpack":1,"duneons:standfortorchgold":1,"minecraft:bundle":2,"minecraft:polished_andesite":1,"duneons:ravager_gatewood":1,"tombstone:strange_tablet":1,"minecraft:spruce_boat":3,"tombstone:tablet_of_recall":1,"minecraft:granite":74,"duneons:ravagergatewood_3":2,"duneons:highlandstone":2,"duneons:lamppostdown":4,"minecraft:emerald":3,"minecraft:oak_sapling":4,"minecraft:netherrack":3,"minecraft:fishing_rod":1,"minecraft:crafting_table":11,"duneons:kelpstonebircks":1,"minecraft:ladder":6,"minecraft:chicken":1,"iceandfire:pixie_house_oak":6,"duneons:sanctumstone":1,"duneons:goldchain":66,"duneons:gildedglory_chestplate":1,"duneons:outpostblueplanks":4,"duneons:sabrewing_bow":1,"duneons:windhole":2,"duneons:rapierred":2,"minecraft:cracked_stone_bricks":9,"minecraft:beef":21,"minecraft:poppy":2,"minecraft:light_gray_wool":2,"minecraft:chest":19,"duneons:highlandberrybushempty":1,"minecraft:egg":5,"duneons:cold_nightarmor_boots":1,"minecraft:raw_iron":50,"iceandfire:dragonbone":14,"minecraft:stone":1,"minecraft:copper_ingot":61,"minecraft:trident":1,"minecraft:carrot":45,"minecraft:redstone":4,"duneons:burningpotion":1,"iceandfire:dragon_skull_ice":2,"minecraft:arrow":11,"minecraft:stone_shovel":1,"duneons:halberd":1,"minecraft:mutton":38,"minecraft:skeleton_skull":3,"minecraft:white_wool":22,"duneons:barricade":6,"duneons:stonehorse":1,"duneons:dungeonscharreddirt":4,"minecraft:clock":1,"duneons:windorangebannerwood":1,"minecraft:salmon":1,"minecraft:leather":18,"minecraft:filled_map":1,"duneons:redbow":1,"minecraft:oak_log":126,"minecraft:chainmail_chestplate":1,"minecraft:gunpowder":2,"minecraft:cobblestone_stairs":1,"tombstone:gift":1,"duneons:burned_planks":2,"iceandfire:pixie_house_mushroom_red":3,"duneons:charredgrassblock":3,"minecraft:apple":1,"minecraft:stone_bricks":12,"minecraft:kelp":15,"duneons:crumsoncoresword":3,"duneons:tempestknifeblue":1,"minecraft:iron_ingot":10,"tombstone:tablet_of_guard":1,"minecraft:cobweb":14,"duneons:mountaineeraxeiron":3,"minecraft:book":6,"duneons:dungeonscharredcobblestone":2,"duneons:coarsedirt_2":1,"duneons:rampartbrazier":2,"minecraft:dandelion":1,"duneons:andesitebreked":1,"minecraft:gravel":4,"duneons:highlandfern":10,"duneons:powerfulbow":2,"minecraft:white_bed":7,"minecraft:spruce_log":4,"duneons:leaveswindswept":1,"minecraft:green_carpet":2,"minecraft:stone_axe":21,"duneons:minecartgift":3,"duneons:keygold":4,"tombstone:magic_scroll":2,"duneons:miniredstonegolem":2,"minecraft:coal":101,"minecraft:ender_pearl":2},"minecraft:crafted":{"minecraft:oak_planks":588,"securitycraft:mine":6,"minecraft:stone":64,"sophisticatedbackpacks:crafting_upgrade":1,"minecraft:cooked_mutton":10,"sophisticatedbackpacks:smelting_upgrade":1,"iceandfire:copper_axe":1,"sophisticatedbackpacks:copper_backpack":1,"minecraft:chest":37,"minecraft:oak_button":2,"minecraft:copper_block":6,"vanillaplustools:stone_shovel":2,"iceandfire:silver_axe":1,"sophisticatedbackpacks:backpack":2,"minecraft:cooked_porkchop":2,"minecraft:crafting_table":7,"minecraft:spruce_planks":16,"minecraft:wooden_pickaxe":1,"minecraft:copper_ingot":12,"minecraft:birch_planks":28,"sophisticatedbackpacks:upgrade_base":2,"tombstone:white_marble":2,"minecraft:yellow_dye":1,"minecraft:shield":1,"minecraft:stick":204,"minecraft:iron_ingot":28,"minecraft:iron_pickaxe":6,"minecraft:gold_ingot":8,"minecraft:redstone":9,"minecraft:stone_shovel":19,"vanillaplustools:stone_hammer":3,"tombstone:strange_tablet":2,"minecraft:furnace":7,"iceandfire:armor_copper_metal_leggings":1,"minecraft:bone_meal":6,"minecraft:ladder":6,"minecraft:stone_pickaxe":28,"minecraft:spruce_boat":1,"sophisticatedbackpacks:iron_backpack":1,"iceandfire:silver_ingot":6,"minecraft:iron_sword":1,"sophisticatedbackpacks:gold_backpack":1,"minecraft:bucket":1,"minecraft:stone_axe":12,"minecraft:air":0,"duneons:outpostwood_planks":4,"securitycraft:dirt_mine":1,"minecraft:white_dye":1,"tombstone:dark_marble":2,"minecraft:wooden_axe":2,"minecraft:iron_leggings":1,"minecraft:white_bed":3,"minecraft:torch":180},"minecraft:mined":{"minecraft:white_bed":6,"duneons:weathervane":1,"duneons:ashblock":1,"duneons:barricade":6,"minecraft:cobblestone_stairs":1,"duneons:highlandgoldwood":1,"duneons:charredstone":3,"duneons:rampartbrazier":1,"minecraft:granite":80,"minecraft:grass_block":148,"sophisticatedbackpacks:iron_backpack":1,"iceandfire:pixie_house_oak":6,"duneons:inventorytable":5,"minecraft:oak_pressure_plate":1,"duneons:standfortorchgold":2,"duneons:charredgrassblock":4,"minecraft:iron_ore":52,"minecraft:fire":1,"duneons:windsweptblocks":1,"duneons:woodbacketwater":2,"minecraft:iron_bars":6,"duneons:highlandlog":2,"minecraft:tripwire":1,"duneons:iceshoom":1,"minecraft:cut_sandstone":7,"minecraft:kelp_plant":5,"duneons:dangerwoodsign":1,"duneons:redstoneheadcrafting":1,"duneons:burned_planks":2,"minecraft:torch":12,"minecraft:poppy":2,"iceandfire:ghost_chest":1,"minecraft:chest":19,"duneons:outposttent":1,"minecraft:cobblestone":95,"duneons:azure_crystal":2,"minecraft:skeleton_skull":1,"minecraft:light_blue_terracotta":1,"minecraft:birch_log":6,"duneons:ravagergatewood_3":2,"minecraft:lilac":21,"minecraft:grass":123,"duneons:sanctumstonecuttop":1,"minecraft:oak_log":124,"duneons:sanctumstone":2,"minecraft:sand":385,"minecraft:dirt":251,"duneons:highlandberrybushempty":1,"duneons:lamppostdown":4,"duneons:outpostblueplanks":4,"duneons:dungeonscharreddirt":4,"minecraft:netherrack":3,"minecraft:oak_leaves":23,"duneons:tombstone":1,"iceandfire:silver_ore":10,"duneons:ruingolem_4":1,"duneons:kelpstonebircks":1,"minecraft:ladder":6,"duneons:highlandstone":2,"duneons:highlandtallgrass":31,"duneons:highlandgrass":1,"duneons:windorangebannerwood":1,"minecraft:kelp":4,"minecraft:sandstone":1,"minecraft:furnace":6,"duneons:red_stone_golem_skull":3,"duneons:redstonecrystal_3":1,"minecraft:andesite":15,"duneons:shieldmobspawner":1,"minecraft:bookshelf":2,"minecraft:vine":1,"duneons:mossendirt":3,"duneons:ravager_gatewood":1,"minecraft:stone":2257,"minecraft:green_wool":2,"duneons:andesitebreked":2,"minecraft:redstone_block":12,"duneons:coins":4,"minecraft:oak_fence":1,"minecraft:crafting_table":11,"duneons:coarsedirt_2":1,"minecraft:tall_grass":4,"minecraft:copper_ore":25,"minecraft:diorite":12,"duneons:highbigtallgrass":1,"minecraft:spruce_log":4,"minecraft:birch_leaves":1,"iceandfire:pixie_house_mushroom_red":3,"duneons:highlandfern":16,"minecraft:coal_ore":86,"minecraft:gravel":7,"minecraft:cobweb":9,"minecraft:cracked_stone_bricks":10,"minecraft:polished_andesite":3,"minecraft:stone_bricks":12},"minecraft:custom":{"minecraft:interact_with_crafting_table":113,"minecraft:leave_game":24,"minecraft:time_since_death":165300,"minecraft:damage_resisted":1370,"minecraft:sprint_one_cm":2169759,"minecraft:damage_blocked_by_shield":1560,"minecraft:drop":55,"minecraft:play_time":702727,"minecraft:deaths":9,"minecraft:jump":8648,"minecraft:walk_on_water_one_cm":96557,"minecraft:interact_with_furnace":77,"minecraft:sleep_in_bed":35,"minecraft:damage_dealt":43473,"minecraft:crouch_one_cm":92823,"tombstone:undead_killed":34,"minecraft:horse_one_cm":801,"minecraft:mob_kills":176,"minecraft:climb_one_cm":4010,"minecraft:walk_one_cm":601738,"minecraft:sneak_time":58757,"minecraft:walk_under_water_one_cm":208966,"minecraft:boat_one_cm":60345,"minecraft:total_world_time":702727,"minecraft:time_since_rest":9643,"minecraft:damage_taken":8286,"minecraft:damage_absorbed":169,"minecraft:trigger_trapped_chest":2,"minecraft:swim_one_cm":267332,"minecraft:fly_one_cm":1806706,"minecraft:open_chest":620,"minecraft:fish_caught":4,"minecraft:fall_one_cm":224392}},"DataVersion":3465}