{"stats":{"minecraft:killed_by":{"minecraft:skeleton":1,"minecraft:zombie":1,"duneons:wraith":1},"minecraft:custom":{"minecraft:mob_kills":58,"minecraft:interact_with_crafting_table":35,"minecraft:leave_game":6,"minecraft:time_since_death":147769,"minecraft:climb_one_cm":2160,"minecraft:damage_resisted":480,"minecraft:sprint_one_cm":772146,"minecraft:walk_one_cm":241885,"minecraft:damage_blocked_by_shield":790,"minecraft:drop":48,"minecraft:play_time":206764,"minecraft:deaths":4,"minecraft:sneak_time":6580,"minecraft:walk_under_water_one_cm":31140,"minecraft:boat_one_cm":60345,"minecraft:jump":3562,"minecraft:walk_on_water_one_cm":54869,"minecraft:total_world_time":206764,"minecraft:interact_with_furnace":26,"minecraft:sleep_in_bed":12,"minecraft:time_since_rest":7940,"minecraft:damage_taken":3302,"minecraft:damage_absorbed":169,"minecraft:trigger_trapped_chest":2,"minecraft:damage_dealt":13728,"minecraft:swim_one_cm":140894,"minecraft:fly_one_cm":708620,"minecraft:open_chest":43,"minecraft:crouch_one_cm":22772,"tombstone:undead_killed":12,"minecraft:fall_one_cm":104436},"minecraft:broken":{"duneons:poleaxe":1,"duneons:skeletonspear":1},"minecraft:mined":{"minecraft:white_bed":5,"iceandfire:silver_ore":2,"duneons:charredstone":2,"minecraft:grass_block":37,"duneons:highlandtallgrass":11,"minecraft:kelp":2,"minecraft:sandstone":1,"duneons:charredgrassblock":2,"minecraft:furnace":3,"minecraft:iron_ore":21,"minecraft:andesite":4,"duneons:shieldmobspawner":1,"duneons:woodbacketwater":2,"minecraft:vine":1,"minecraft:iron_bars":1,"minecraft:stone":587,"minecraft:green_wool":2,"duneons:andesitebreked":2,"duneons:iceshoom":1,"minecraft:cut_sandstone":7,"minecraft:kelp_plant":3,"duneons:dangerwoodsign":1,"duneons:coins":4,"minecraft:crafting_table":7,"minecraft:torch":2,"iceandfire:ghost_chest":1,"duneons:outposttent":1,"duneons:coarsedirt_2":1,"minecraft:copper_ore":2,"minecraft:tall_grass":4,"minecraft:cobblestone":4,"duneons:azure_crystal":1,"minecraft:light_blue_terracotta":1,"minecraft:birch_log":6,"minecraft:lilac":1,"minecraft:spruce_log":4,"minecraft:birch_leaves":1,"duneons:highlandfern":8,"minecraft:grass":118,"duneons:sanctumstonecuttop":1,"minecraft:oak_log":30,"minecraft:coal_ore":24,"duneons:sanctumstone":2,"minecraft:gravel":3,"minecraft:sand":3,"minecraft:dirt":71,"minecraft:cobweb":7,"minecraft:polished_andesite":3,"minecraft:stone_bricks":1,"minecraft:netherrack":2,"minecraft:oak_leaves":6,"duneons:tombstone":1},"minecraft:killed":{"duneons:woolycow":1,"minecraft:spider":1,"duneons:wraith":3,"minecraft:skeleton":2,"minecraft:drowned":5,"duneons:keygolem":1,"minecraft:husk":1,"minecraft:pig":4,"duneons:tempestgolemsleep":1,"duneons:mountaineer":26,"minecraft:sheep":8,"minecraft:zombie":2,"iceandfire:ghost":2},"minecraft:dropped":{"duneons:powerfulbow":2,"duneons:burstgale":4,"minecraft:cobblestone":49,"minecraft:copper_ingot":1,"minecraft:stick":70,"minecraft:wooden_axe":1,"minecraft:iron_pickaxe":1,"duneons:leaveswindswept":1,"minecraft:bone":7,"minecraft:stone_axe":11,"duneons:keygold":5,"minecraft:rotten_flesh":4,"duneons:oakwoodbrew":1,"duneons:goldchain":66,"iceandfire:silver_ore":2,"minecraft:white_bed":2,"minecraft:carrot":39,"minecraft:stone":1,"minecraft:raw_gold":4,"minecraft:egg":2},"minecraft:used":{"duneons:sanctumstonepatternedgilded":1,"minecraft:iron_bars":1,"duneons:greenswoed":3,"minecraft:chest":3,"minecraft:shield":43,"minecraft:iron_sword":119,"vanillaplustools:stone_hammer":68,"minecraft:netherrack":2,"minecraft:torch":50,"minecraft:dirt":99,"minecraft:mutton":7,"minecraft:wooden_axe":3,"minecraft:spruce_boat":3,"minecraft:green_wool":2,"duneons:books":1,"duneons:dangerwoodsign":1,"minecraft:stone_bricks":1,"minecraft:light_gray_wool":1,"minecraft:furnace":5,"tombstone:gift":4,"minecraft:egg":2,"minecraft:enchanted_golden_apple":1,"minecraft:iron_leggings":1,"duneons:leaveswindswept":1,"minecraft:cooked_mutton":5,"duneons:charredgrassblock":1,"minecraft:stone_pickaxe":39,"minecraft:polished_andesite":1,"minecraft:oak_planks":29,"duneons:coarsedirt_2":1,"minecraft:wooden_pickaxe":10,"duneons:stonehorse":1,"minecraft:white_wool":1,"minecraft:golden_apple":1,"duneons:strengthenironpickaxe":6,"minecraft:crafting_table":9,"vanillaplustools:stone_shovel":12,"minecraft:white_bed":6,"minecraft:oak_log":4,"minecraft:apple":1,"minecraft:bread":2,"duneons:woodbacketwater":1,"minecraft:iron_pickaxe":171,"minecraft:gravel":1,"duneons:minecartgift":2,"minecraft:green_carpet":2,"minecraft:stone_axe":148,"minecraft:fire_charge":1,"minecraft:cobblestone":404,"duneons:skeletonspear":102,"minecraft:porkchop":6,"minecraft:cooked_porkchop":2,"duneons:highlandfern":2,"duneons:poleaxe":104,"duneons:highlandberries":64,"minecraft:golden_pickaxe":3,"minecraft:cobweb":7},"minecraft:picked_up":{"minecraft:crafting_table":7,"duneons:sanctumstone":1,"duneons:sanctumstonecuttop":1,"duneons:goldchain":66,"iceandfire:manuscript":8,"duneons:windhole":2,"minecraft:string":7,"duneons:coin":32,"minecraft:raw_copper":6,"minecraft:iron_pickaxe":1,"minecraft:light_gray_wool":1,"minecraft:furnace":3,"minecraft:iron_boots":1,"minecraft:egg":4,"duneons:dangerwoodsign":1,"minecraft:stick":82,"minecraft:raw_iron":20,"iceandfire:dragonbone":14,"iceandfire:ghost_chest":1,"minecraft:stone":1,"minecraft:copper_ingot":2,"minecraft:torch":2,"iceandfire:silver_ore":4,"minecraft:porkchop":8,"tombstone:grave_dust":2,"minecraft:trident":1,"minecraft:carrot":45,"iceandfire:dragon_skull_ice":1,"minecraft:arrow":4,"minecraft:rotten_flesh":8,"minecraft:green_wool":2,"minecraft:mutton":14,"minecraft:iron_bars":1,"minecraft:skeleton_skull":2,"minecraft:white_wool":7,"minecraft:cobblestone":658,"duneons:stonehorse":1,"minecraft:birch_log":7,"minecraft:lilac":1,"duneons:burstgale":4,"paraglider:spirit_orb":2,"minecraft:flint":1,"minecraft:oak_log":32,"duneons:outposttent":1,"minecraft:dirt":101,"tombstone:gift":1,"duneons:charredgrassblock":1,"minecraft:bone":16,"minecraft:apple":1,"minecraft:stone_bricks":1,"minecraft:kelp":10,"minecraft:wheat_seeds":9,"minecraft:cobweb":14,"duneons:iceshoom":1,"minecraft:iron_ingot":1,"duneons:woodbacketwater":2,"duneons:mountaineeraxeiron":1,"minecraft:oak_planks":24,"duneons:dungeonscharredcobblestone":1,"duneons:coarsedirt_2":1,"minecraft:dandelion":1,"duneons:andesitebreked":1,"minecraft:gravel":1,"duneons:highlandfern":2,"duneons:powerfulbow":1,"minecraft:white_bed":6,"minecraft:spruce_log":4,"duneons:leaveswindswept":1,"minecraft:green_carpet":2,"minecraft:bundle":1,"minecraft:polished_andesite":1,"minecraft:spruce_boat":3,"minecraft:stone_axe":21,"duneons:minecartgift":2,"minecraft:emerald":2,"duneons:keygold":4,"minecraft:netherrack":2,"minecraft:coal":26},"minecraft:crafted":{"minecraft:oak_planks":112,"minecraft:stone_shovel":10,"vanillaplustools:stone_hammer":1,"minecraft:furnace":2,"minecraft:cooked_mutton":5,"minecraft:stone_pickaxe":10,"minecraft:chest":3,"minecraft:spruce_boat":1,"vanillaplustools:stone_shovel":1,"minecraft:cooked_porkchop":2,"minecraft:crafting_table":6,"minecraft:spruce_planks":16,"minecraft:wooden_pickaxe":1,"minecraft:iron_sword":1,"minecraft:birch_planks":28,"minecraft:stone_axe":12,"minecraft:air":0,"minecraft:shield":1,"minecraft:stick":84,"minecraft:iron_ingot":18,"minecraft:iron_pickaxe":1,"minecraft:wooden_axe":2,"minecraft:iron_leggings":1,"minecraft:white_bed":2,"minecraft:torch":48}},"DataVersion":3465}