{"stats":{"minecraft:killed_by":{"minecraft:skeleton":1,"minecraft:zombie":1,"duneons:wraith":1},"minecraft:custom":{"minecraft:mob_kills":68,"minecraft:interact_with_crafting_table":53,"minecraft:leave_game":15,"minecraft:time_since_death":255840,"minecraft:climb_one_cm":2522,"minecraft:damage_resisted":480,"minecraft:sprint_one_cm":1130291,"minecraft:walk_one_cm":305677,"minecraft:damage_blocked_by_shield":790,"minecraft:drop":48,"minecraft:play_time":314835,"minecraft:sneak_time":16330,"minecraft:deaths":4,"minecraft:walk_under_water_one_cm":32014,"minecraft:boat_one_cm":60345,"minecraft:jump":5203,"minecraft:walk_on_water_one_cm":60981,"minecraft:total_world_time":314835,"minecraft:interact_with_furnace":39,"minecraft:sleep_in_bed":21,"minecraft:time_since_rest":5954,"minecraft:damage_taken":3702,"minecraft:damage_absorbed":169,"minecraft:trigger_trapped_chest":2,"minecraft:damage_dealt":15083,"minecraft:swim_one_cm":182446,"minecraft:fly_one_cm":1075104,"minecraft:open_chest":90,"minecraft:crouch_one_cm":56603,"tombstone:undead_killed":16,"minecraft:fish_caught":4,"minecraft:fall_one_cm":145600,"minecraft:horse_one_cm":801},"minecraft:broken":{"duneons:poleaxe":1,"duneons:skeletonspear":1,"vanillaplustools:stone_hammer":1},"minecraft:mined":{"minecraft:white_bed":6,"iceandfire:silver_ore":4,"duneons:charredstone":2,"duneons:rampartbrazier":1,"minecraft:grass_block":129,"duneons:highlandstone":2,"duneons:highlandtallgrass":13,"minecraft:kelp":2,"minecraft:sandstone":1,"duneons:charredgrassblock":2,"minecraft:furnace":3,"minecraft:iron_ore":21,"minecraft:andesite":5,"duneons:shieldmobspawner":1,"duneons:woodbacketwater":2,"minecraft:vine":1,"minecraft:iron_bars":1,"duneons:mossendirt":3,"duneons:ravager_gatewood":1,"minecraft:stone":1516,"minecraft:green_wool":2,"duneons:iceshoom":1,"duneons:andesitebreked":2,"minecraft:cut_sandstone":7,"minecraft:kelp_plant":3,"duneons:dangerwoodsign":1,"duneons:coins":4,"minecraft:crafting_table":8,"minecraft:torch":3,"iceandfire:ghost_chest":1,"minecraft:chest":3,"duneons:outposttent":1,"duneons:coarsedirt_2":1,"minecraft:copper_ore":4,"minecraft:tall_grass":4,"duneons:azure_crystal":1,"minecraft:cobblestone":64,"minecraft:light_blue_terracotta":1,"minecraft:birch_log":6,"duneons:ravagergatewood_3":2,"minecraft:lilac":1,"minecraft:spruce_log":4,"minecraft:birch_leaves":1,"duneons:highlandfern":8,"minecraft:grass":118,"duneons:sanctumstonecuttop":1,"minecraft:oak_log":45,"minecraft:coal_ore":59,"duneons:sanctumstone":2,"minecraft:gravel":7,"minecraft:sand":3,"minecraft:dirt":227,"minecraft:cobweb":7,"minecraft:polished_andesite":3,"duneons:dungeonscharreddirt":4,"minecraft:stone_bricks":1,"minecraft:netherrack":2,"minecraft:oak_leaves":13,"duneons:tombstone":1},"minecraft:killed":{"duneons:woolycow":1,"minecraft:spider":1,"duneons:wraith":3,"minecraft:skeleton":2,"minecraft:horse":2,"minecraft:chicken":1,"minecraft:drowned":6,"duneons:keygolem":1,"minecraft:husk":1,"minecraft:pig":4,"duneons:tempestgolemsleep":1,"duneons:mountaineer":26,"minecraft:sheep":9,"minecraft:zombie":5,"iceandfire:ghost":2,"minecraft:cow":2},"minecraft:dropped":{"duneons:powerfulbow":2,"duneons:burstgale":4,"minecraft:cobblestone":49,"minecraft:copper_ingot":1,"minecraft:stick":70,"minecraft:wooden_axe":1,"minecraft:iron_pickaxe":1,"duneons:leaveswindswept":1,"minecraft:bone":7,"minecraft:stone_axe":11,"duneons:keygold":5,"minecraft:rotten_flesh":4,"duneons:oakwoodbrew":1,"duneons:goldchain":66,"iceandfire:silver_ore":2,"minecraft:white_bed":2,"minecraft:carrot":39,"minecraft:stone":1,"minecraft:raw_gold":4,"minecraft:egg":2},"minecraft:used":{"duneons:sanctumstonepatternedgilded":1,"minecraft:iron_bars":1,"duneons:highlandstone":2,"minecraft:ladder":6,"duneons:ravagergatewood_3":2,"duneons:greenswoed":20,"minecraft:chest":7,"minecraft:shield":43,"minecraft:stone":4,"minecraft:iron_sword":119,"vanillaplustools:stone_hammer":188,"duneons:ravager_gatewood":1,"minecraft:netherrack":2,"minecraft:torch":68,"minecraft:dirt":132,"minecraft:mutton":7,"minecraft:carrot":17,"duneons:goatgear_chestplate":1,"minecraft:wooden_axe":3,"minecraft:spruce_boat":3,"minecraft:green_wool":2,"duneons:books":1,"duneons:rampartbrazier":1,"duneons:ravagergateiron":1,"duneons:dangerwoodsign":1,"minecraft:stone_bricks":1,"minecraft:light_gray_wool":1,"minecraft:furnace":6,"tombstone:gift":5,"minecraft:egg":2,"minecraft:enchanted_golden_apple":1,"minecraft:iron_leggings":1,"duneons:leaveswindswept":1,"minecraft:cooked_mutton":5,"duneons:charredgrassblock":1,"minecraft:stone_pickaxe":39,"minecraft:polished_andesite":1,"minecraft:oak_planks":29,"duneons:coarsedirt_2":1,"minecraft:wooden_pickaxe":10,"duneons:stonehorse":1,"minecraft:white_wool":1,"minecraft:golden_apple":1,"duneons:strengthenironpickaxe":131,"minecraft:crafting_table":11,"vanillaplustools:stone_shovel":49,"minecraft:white_bed":7,"minecraft:oak_log":4,"sophisticatedbackpacks:backpack":3,"minecraft:apple":1,"duneons:woodbacketwater":1,"minecraft:bread":15,"minecraft:iron_pickaxe":171,"minecraft:gravel":1,"duneons:minecartgift":2,"minecraft:green_carpet":2,"minecraft:stone_axe":178,"minecraft:fishing_rod":8,"minecraft:fire_charge":1,"minecraft:cobblestone":803,"duneons:skeletonspear":102,"minecraft:porkchop":6,"minecraft:cooked_porkchop":2,"minecraft:bucket":1,"duneons:highlandfern":2,"duneons:poleaxe":104,"duneons:highlandberries":67,"minecraft:golden_pickaxe":3,"minecraft:cobweb":7},"minecraft:picked_up":{"minecraft:crafting_table":8,"minecraft:chicken":1,"duneons:sanctumstone":1,"duneons:sanctumstonecuttop":1,"duneons:goldchain":66,"duneons:windhole":2,"iceandfire:manuscript":8,"duneons:coin":32,"minecraft:string":7,"minecraft:raw_copper":12,"minecraft:beef":3,"minecraft:iron_pickaxe":1,"minecraft:light_gray_wool":1,"minecraft:chest":3,"minecraft:furnace":3,"minecraft:iron_boots":1,"minecraft:egg":4,"duneons:dangerwoodsign":1,"minecraft:stick":84,"minecraft:raw_iron":20,"iceandfire:dragonbone":14,"iceandfire:ghost_chest":1,"minecraft:stone":1,"minecraft:copper_ingot":2,"minecraft:torch":3,"iceandfire:silver_ore":6,"minecraft:porkchop":8,"tombstone:grave_dust":2,"minecraft:carrot":45,"minecraft:trident":1,"iceandfire:dragon_skull_ice":1,"minecraft:arrow":4,"minecraft:rotten_flesh":10,"minecraft:green_wool":2,"minecraft:cod":3,"minecraft:mutton":15,"minecraft:iron_bars":1,"minecraft:skeleton_skull":2,"minecraft:white_wool":8,"minecraft:cobblestone":1625,"minecraft:birch_log":7,"duneons:stonehorse":1,"duneons:dungeonscharreddirt":4,"minecraft:feather":2,"minecraft:lilac":1,"minecraft:salmon":1,"minecraft:andesite":1,"minecraft:leather":4,"duneons:burstgale":4,"paraglider:spirit_orb":2,"minecraft:flint":1,"minecraft:oak_log":47,"duneons:outposttent":1,"minecraft:dirt":332,"tombstone:gift":1,"duneons:charredgrassblock":1,"minecraft:bone":16,"minecraft:stone_bricks":1,"minecraft:apple":1,"duneons:mossendirt":3,"minecraft:kelp":10,"minecraft:wheat_seeds":9,"duneons:iceshoom":1,"minecraft:iron_ingot":1,"duneons:woodbacketwater":2,"minecraft:cobweb":14,"duneons:mountaineeraxeiron":1,"minecraft:oak_planks":24,"duneons:dungeonscharredcobblestone":1,"duneons:coarsedirt_2":1,"duneons:rampartbrazier":1,"minecraft:dandelion":1,"duneons:andesitebreked":1,"duneons:highlandfern":2,"minecraft:gravel":4,"duneons:powerfulbow":1,"minecraft:white_bed":7,"minecraft:spruce_log":4,"duneons:leaveswindswept":1,"minecraft:green_carpet":2,"minecraft:bundle":1,"minecraft:polished_andesite":1,"duneons:ravager_gatewood":1,"minecraft:spruce_boat":3,"minecraft:stone_axe":21,"duneons:minecartgift":2,"duneons:ravagergatewood_3":2,"duneons:highlandstone":2,"minecraft:emerald":2,"duneons:keygold":4,"tombstone:magic_scroll":1,"minecraft:oak_sapling":1,"minecraft:netherrack":2,"minecraft:coal":61},"minecraft:crafted":{"minecraft:oak_planks":172,"minecraft:stone_shovel":19,"vanillaplustools:stone_hammer":2,"minecraft:furnace":3,"minecraft:stone":64,"minecraft:cooked_mutton":5,"sophisticatedbackpacks:copper_backpack":1,"minecraft:ladder":6,"minecraft:stone_pickaxe":19,"minecraft:chest":5,"minecraft:spruce_boat":1,"vanillaplustools:stone_shovel":2,"sophisticatedbackpacks:iron_backpack":1,"sophisticatedbackpacks:backpack":2,"minecraft:cooked_porkchop":2,"minecraft:crafting_table":6,"minecraft:spruce_planks":16,"minecraft:wooden_pickaxe":1,"minecraft:iron_sword":1,"minecraft:copper_ingot":12,"minecraft:bucket":1,"minecraft:birch_planks":28,"minecraft:stone_axe":12,"minecraft:air":0,"minecraft:yellow_dye":1,"minecraft:shield":1,"minecraft:stick":144,"minecraft:iron_ingot":19,"minecraft:iron_pickaxe":1,"minecraft:wooden_axe":2,"minecraft:iron_leggings":1,"minecraft:white_bed":2,"minecraft:torch":92}},"DataVersion":3465}